time/10,tput
0,17.305671944278977
1,17.465798831233815
2,17.36618022125167
3,17.42322249545651
4,17.423165835248213
5,17.36418327531662
-1,17.394454788591723
