time/10,tput
0,6.542878910489805
1,4.137919429074841
2,4.184875276721771
3,4.133603120781663
4,4.179124524201416
5,4.160944224103851
-1,4.553229318300121
