time/10,tput
0,4.310648400324766
1,4.186682344158286
2,4.135379858548371
3,4.154741169668691
4,4.183959856581246
5,4.3316498872464555
-1,4.228738122820391
