time/10,tput
0,8.290203879245206
1,8.323738135942977
2,8.278679307458107
3,8.397177119317474
4,8.435023852312204
5,8.354063747497817
-1,8.40975320148538
