time/10,tput
0,17.437709400081744
1,17.369163893437456
2,17.385129620783918
3,17.326325080914945
4,17.46238947206169
5,17.3074567953232
-1,17.381672185452903
