time/10,tput
0,4.22840797871465
1,4.187126368163603
2,4.1395006579911575
3,4.156303314632724
4,4.186113370843116
5,4.338796779757887
-1,4.226287198278001
