time/10,tput
0,4.198623183649351
1,4.188025352277821
2,4.140808889950726
3,4.159486719309823
4,4.182197136745854
5,4.340296175004344
-1,4.241875901226793
