time/10,tput
0,16.53894676671543
1,16.4889959457989
2,16.33061936574272
3,16.270627323158863
4,16.385591569226833
5,16.455400622193093
-1,16.401108980270394
