time/10,tput
0,4.161154361925925
1,4.184918423666693
2,4.139226467098674
3,4.166977753601927
4,4.1852523952067
5,4.377415467445273
-1,4.261555958788234
