time/10,tput
0,8.282483047873313
1,8.318280503321773
2,8.325782438649611
3,8.383046646935153
4,8.407023932094827
5,8.327030796833247
-1,8.391569404510593
