time/10,tput
0,8.720749229955947
1,8.32948157170523
2,8.31533622693122
3,8.379631020996221
4,8.397113876494323
5,8.35459029641996
-1,8.41963280711702
