time/10,tput
0,4.508761071865271
1,4.186188674569711
2,4.144488920704363
3,4.154710303261634
4,4.175574955628783
5,4.270928934664677
-1,4.252704659291068
