time/10,tput
0,8.783666161871878
1,8.328887103174537
2,8.290546615542533
3,8.3931928815305
4,8.42321592222804
5,8.367371809570448
-1,8.43349979781112
