time/10,tput
0,6.642457985932728
1,4.1453928063770435
2,4.180332830023391
3,4.132714451719908
4,4.17082701058982
5,4.170475393059555
-1,4.575685899982122
