time/10,tput
0,4.15542848246494
1,4.181605459838817
2,4.134463740610658
3,4.167329865998787
4,4.182040862178472
5,4.391347661921291
-1,4.275303557204862
