time/10,tput
0,4.137779761055535
1,4.184221719270112
2,4.132443097871899
3,4.172557919628916
4,4.18150888150181
5,4.444982753478183
-1,4.275733660200015
