time/10,tput
0,8.260181484840942
1,8.314927055666297
2,8.305409157013132
3,8.38188134065552
4,8.395675359579474
5,8.36895828373253
-1,8.406007123868102
