time/10,tput
0,8.537197929971148
1,8.351709748630087
2,8.270905638700839
3,8.385436907276231
4,8.449322044908628
5,8.354888267729178
-1,8.403265457201103
