time/10,tput
0,4.227740709675063
1,4.188930499796725
2,4.145506941681824
3,4.16354678941387
4,4.19104745633958
5,4.341734195898815
-1,4.239926575807691
