time/10,tput
0,17.50543285625295
1,17.58732747528653
2,17.50321224864803
3,17.693206706028132
4,17.61354492755033
5,17.546771121729744
-1,17.578076233025996
