time/10,tput
0,6.780234242778077
1,4.141909924244243
2,4.1993061735205055
3,4.137278414020127
4,4.188589268313282
5,4.162973658483097
-1,4.601597646904388
