time/10,tput
0,8.492314951269856
1,8.348112301050497
2,8.299230289320338
3,8.38967129095909
4,8.408635192676316
5,8.352939952007315
-1,8.390560739133894
