time/10,tput
0,4.228241934723454
1,4.185071632334507
2,4.143661062422443
3,4.168829868797443
4,4.191185658080253
5,4.341963930450796
-1,4.23906563615011
