time/10,tput
0,8.571617617655392
1,8.323385947713716
2,8.278505473064715
3,8.390312432039766
4,8.407029483003157
5,8.344564988629774
-1,8.392536329885942
