time/10,tput
0,17.388820801903645
1,17.396219064402793
2,17.383703855231193
3,17.686476771591547
4,17.65120724985688
5,17.363036468284378
-1,17.48021363992927
