time/10,tput
0,17.442190440609195
1,17.476796796169484
2,17.612670748293155
3,17.591657779854742
4,17.5018639714116
5,17.63032700485319
-1,17.545925437797656
