time/10,tput
0,4.398664555681895
1,4.187225296245017
2,4.141534344327865
3,4.157587356156035
4,4.188730196352054
5,4.270808684423322
-1,4.2408626462283525
