time/10,tput
0,8.289203669851295
1,8.352986292195679
2,8.298106451586529
3,8.385548273159854
4,8.433771940168915
5,8.384447916425467
-1,8.424747643243332
