time/10,tput
0,4.329218384248132
1,4.188080811063389
2,4.156370783086948
3,4.162865051969183
4,4.1893393336511
5,4.2757616343319755
-1,4.236343559772134
