time/10,tput
0,17.399988799102363
1,17.482903093429012
2,17.445026362671058
3,17.352875505002824
4,17.369410270965446
5,17.474966861988648
-1,17.423922300090148
