time/10,tput
0,4.160131000102609
1,4.196545154948226
2,4.138974970964334
3,4.164824184472536
4,4.1905060047243845
5,4.390354794441847
-1,4.291594580173591
