time/10,tput
0,4.1478478082725045
1,4.194178973522027
2,4.124721036400013
3,4.172352458979507
4,4.178734136102552
5,4.455436015778178
-1,4.291792425320676
