time/10,tput
0,8.683198173509506
1,8.350821724670398
2,8.292464961418876
3,8.401133793976214
4,8.420658213961143
5,8.357149500502857
-1,8.419882326031429
