time/10,tput
0,16.48935542613225
1,16.506833666783066
2,16.408162417582822
3,16.495947105052053
4,16.414319081519373
5,16.324218924835808
-1,16.426035556428097
