time/10,tput
0,5.968570086055591
1,4.147846343306534
2,4.175792512942862
3,4.130818725593108
4,4.18024553567456
5,4.16434313754182
-1,4.461995642699284
