time/10,tput
0,4.449637341824241
1,4.184161592300264
2,4.140168341669569
3,4.156231533740426
4,4.183968601371612
5,4.2678500737795515
-1,4.242263758170526
