time/10,tput
0,5.886162906255867
1,4.146517069130419
2,4.172349691970806
3,4.138434639693349
4,4.182104899581846
5,4.156807910133112
-1,4.449334522151433
