time/10,tput
0,4.150593995806495
1,4.192190237793673
2,4.140311868760019
3,4.171591274686958
4,4.171640272994965
5,4.3930030210775595
-1,4.277470498346278
