time/10,tput
0,8.652768673195313
1,8.356048061866362
2,8.292889866531127
3,8.373614246205099
4,8.416601418279518
5,8.360898588594301
-1,8.414558826836705
