time/10,tput
0,4.292844651640872
1,4.181444862349743
2,4.149239895822877
3,4.160802800914768
4,4.180459016480586
5,4.2899639098946905
-1,4.228793498884712
