time/10,tput
0,16.529288227179265
1,16.42081621635781
2,16.290557288436972
3,16.413925492806026
4,16.500676197522527
5,16.44654358877253
-1,16.421042602652502
