time/10,tput
0,4.14531213504246
1,4.190230597022718
2,4.129916439419881
3,4.171903955023964
4,4.177274049371958
5,4.4528555969019825
-1,4.277911719726395
