time/10,tput
0,8.844681937141265
1,8.333320387476894
2,8.287006899173178
3,8.393228072376315
4,8.425579840839479
5,8.363493623433632
-1,8.443915614546928
