time/10,tput
0,4.152935227883312
1,4.19587285684152
2,4.140762170522781
3,4.168453139358499
4,4.182430279599563
5,4.392886427732192
-1,4.291339339281736
