time/10,tput
0,8.265438428214656
1,8.343447698755867
2,8.305745531944707
3,8.357610815429972
4,8.400571401978937
5,8.385367055632997
-1,8.40471589195058
