time/10,tput
0,17.459518831079368
1,17.48918909536182
2,17.57833085016544
3,17.541862184514827
4,17.644723517037196
5,17.587789658378068
-1,17.554353284430903
