time/10,tput
0,4.22719452259124
1,4.186242393546846
2,4.135149698996404
3,4.157420847038236
4,4.186399181260242
5,4.345366212244132
-1,4.225856224465671
