time/10,tput
0,4.262369783065777
1,4.194638072960811
2,4.13989104632611
3,4.154111879583349
4,4.189804449293206
5,4.29709378101144
-1,4.22895206654177
