time/10,tput
0,4.352967591144504
1,4.1813423365355895
2,4.132022322674775
3,4.1636494284863
4,4.188926913887895
5,4.285582624315292
-1,4.237244877630643
