time/10,tput
0,17.479633993300947
1,17.518756286554094
2,17.32662947983946
3,17.210315070985192
4,17.40662730967922
5,17.416244069515948
-1,17.39550804785442
