time/10,tput
0,16.528846385079603
1,16.361709197725528
2,16.29385742012198
3,16.394564466155376
4,16.47241365242544
5,16.292334922670626
-1,16.38025426713989
