time/10,tput
0,16.551386489762145
1,16.41877289309288
2,16.30474775677703
3,16.343499776741798
4,16.376210924258135
5,16.28437100994574
-1,16.38313969317619
