time/10,tput
0,4.224307092001088
1,4.185771802486798
2,4.140961806117186
3,4.162930569351058
4,4.179135231657381
5,4.348970694955142
-1,4.2282541604034245
