time/10,tput
0,8.716856691321292
1,8.348913092700755
2,8.308968319154118
3,8.37211334202795
4,8.407115721270536
5,8.342497625209198
-1,8.41818540907935
