time/10,tput
0,8.598158159836563
1,8.311810237707725
2,8.259977264892006
3,8.406111105648757
4,8.429408917568464
5,8.363587531367768
-1,8.401675044947488
