time/10,tput
0,4.509001843933201
1,4.187750967402866
2,4.139358257052041
3,4.155325170114369
4,4.180093176091709
5,4.273300025513502
-1,4.252920730552993
