time/10,tput
0,8.669550874746783
1,8.342883436843804
2,8.31088088230448
3,8.36487863179559
4,8.396093117013818
5,8.354158434245186
-1,8.40906343200887
