time/10,tput
0,4.158871209461334
1,4.191108678785634
2,4.137172990146122
3,4.1679400918953915
4,4.1897253285035
5,4.379216724787094
-1,4.277297133751198
