time/10,tput
0,4.145289699800069
1,4.18346970990913
2,4.124232793852354
3,4.17296405794539
4,4.182770905536035
5,4.451188099027641
-1,4.276863758674901
