time/10,tput
0,16.593250035474174
1,16.382310808320092
2,16.31910489335295
3,16.48603623096606
4,16.341040935353544
5,16.350041263382074
-1,16.39886390218594
