time/10,tput
0,4.199167135443694
1,4.183235060429269
2,4.127832433228747
3,4.161734365941059
4,4.1809882492574895
5,4.341014402642997
-1,4.228300436894508
