time/10,tput
0,4.143742741689692
1,4.181003927862332
2,4.132837391880357
3,4.179234179078123
4,4.18716070383925
5,4.447541791385609
-1,4.278613137463962
