time/10,tput
0,17.51059015940882
1,17.561310555889204
2,17.523005051233362
3,17.484991260996587
4,17.654722748710856
5,17.66927184993558
-1,17.568773689723976
