time/10,tput
0,17.569270247587365
1,17.686920892276888
2,17.576695594341828
3,17.4968321098556
4,17.58486989057991
5,17.57286835172841
-1,17.584711868826652
