time/10,tput
0,4.960683929620543
1,4.993083497756585
2,5.026423006657142
-1,4.994072604436763
