time/10,tput
0,9.44655112551803
1,9.442350232840157
2,9.525432217948303
-1,9.475307488762088
