time/10,tput
0,9.438656778197386
1,9.478551642028215
2,9.444777949436851
-1,9.45575846255522
