time/10,tput
0,4.993007676960723
1,5.018081156478612
2,5.026559782174228
-1,5.0129445483088295
