time/10,tput
0,2.6501396009240534
1,2.5881894799778498
2,2.5065925681345127
-1,2.580352621862974
