time/10,tput
0,5.010578644119893
1,5.0424607246535675
2,5.026563443797281
-1,5.026435678567762
