time/10,tput
0,2.617863041625971
1,2.598105583801484
2,2.50638396221749
-1,2.574019522068861
