time/10,tput
0,2.219194018129581
1,2.2901093447835406
2,2.5066002885447656
-1,2.341444870415174
