time/10,tput
0,2.7093733782386633
1,2.588064912138807
2,2.506527522685689
-1,2.600232734553859
