time/10,tput
0,2.2516462081841975
1,2.267386117420897
2,2.5065328805977307
-1,2.345015927133484
