time/10,tput
0,2.589871705149359
1,2.5881449462124992
2,2.5067004277268823
-1,2.559868834845773
