time/10,tput
0,4.9732959058085715
1,5.017558422403353
2,5.026562380744878
-1,5.006274290823283
