time/10,tput
0,16.864885863838122
1,17.93090858956094
2,17.90204738700199
-1,17.58411618095436
