time/10,tput
0,17.052283898543443
1,18.14629794647921
2,17.927000424611066
-1,17.71657904237522
