time/10,tput
0,16.826047779278202
1,17.84761080391511
2,18.02533137262658
-1,17.57644595855854
