time/10,tput
0,12.913507935280167
1,13.909412644685863
2,13.904007971470199
-1,13.589171296431541
