time/10,tput
0,7.009800236797294
1,7.046747152692142
2,7.0509884233033935
-1,7.0374441159512875
