time/10,tput
0,12.956947068165563
1,13.815884686818235
2,13.65563639815128
-1,13.488602612819301
