time/10,tput
0,12.921274048316498
1,13.913224459825324
2,13.901962800858282
-1,13.591304679680304
