time/10,tput
0,12.93701481406471
1,13.81382661059296
2,13.666261053096626
-1,13.491404676454987
