time/10,tput
0,2.6373363617722236
1,2.5884629816142346
2,2.5064837960662936
-1,2.576200510181558
