time/10,tput
0,2.5986575195519053
1,2.6106930698912505
2,2.5063243422174106
-1,2.5707645075875996
