time/10,tput
0,9.491449715231887
1,9.436898186154673
2,9.530547702386912
-1,9.490183675967131
