time/10,tput
0,11.395381048364563
1,11.248362120875115
2,11.57920642309695
-1,11.461846501588546
