time/10,tput
0,11.445183346231198
1,11.266223923510033
2,11.570233497244033
-1,11.45109619954784
