time/10,tput
0,16.56126823606938
1,16.503864285416295
2,16.516860136670715
-1,16.51255966000554
