time/10,tput
0,16.59858443411539
1,16.44290952614609
2,16.577770244315836
-1,16.520073488476868
