time/10,tput
0,11.551250590840928
1,11.271868594628607
2,11.597654385369436
-1,11.476896213831251
