time/10,tput
0,16.5664851197751
1,16.50278267722601
2,16.517695148051573
-1,16.514167121613966
