time/10,tput
0,5.93880837115891
1,5.664881898599949
2,5.726559130290493
-1,5.776571769436646
