time/10,tput
0,5.799610345317051
1,5.664236463986037
2,5.726490111979451
-1,5.731092975225835
