time/10,tput
0,5.8518285987741905
1,5.6551657677431395
2,5.724677494286021
-1,5.745248676696897
