time/10,tput
0,5.728343264643031
1,5.653370888264597
2,5.725717813500706
-1,5.7042820091068664
