time/10,tput
0,5.717291079604662
1,5.654015186014775
2,5.725425257092623
-1,5.7007992349172705
