time/10,tput
0,11.452581720491356
1,11.254242236819945
2,11.561194248887649
-1,11.468522146057557
