time/10,tput
0,5.7297237612783425
1,5.653939237080728
2,5.725756490859841
-1,5.704978680096507
