time/10,tput
0,5.791447395046968
1,5.651990400979534
2,5.724820834039907
-1,5.724621623152267
