time/10,tput
0,11.514024962190188
1,11.255310211261444
2,11.586158113553237
-1,11.475212008908256
