time/10,tput
0,16.607479602780728
1,16.44350962189583
2,16.576877840490816
-1,16.521828087100698
