time/10,tput
0,5.776815905063169
1,5.6496531697860535
2,5.724722758695993
-1,5.719007363470024
