time/10,tput
0,11.469905848531265
1,11.248408304510589
2,11.561408533089955
-1,11.4667330539275
