time/10,tput
0,5.719424279957908
1,5.650749086332502
2,5.725448434123846
-1,5.7003671087676215
