time/10,tput
0,16.591047259030017
1,16.692893895614
2,16.630684229162863
-1,16.647278229659666
