time/10,tput
0,5.7833504252315455
1,5.652374982498526
2,5.724640852192689
-1,5.721942876550219
