time/10,tput
0,5.68102993182821
1,5.638574243028195
2,5.72590217577786
-1,5.689077349829633
