time/10,tput
0,16.61375968489374
1,16.667876328209232
2,16.63323315618891
-1,16.646514650586848
