time/10,tput
0,11.532593932093318
1,11.278912865872309
2,11.590999249325977
-1,11.47912326311511
