time/10,tput
0,16.595904345372226
1,16.66585416370492
2,16.636800610617787
-1,16.64615978588013
