time/10,tput
0,5.729644005729794
1,5.659702438904061
2,5.726066063324921
-1,5.70700702123356
