time/10,tput
0,16.59827460104798
1,16.66776447965953
2,16.634796791205503
-1,16.641665506286213
