time/10,tput
0,11.441240910955736
1,11.238047319002286
2,11.58453628974461
-1,11.463453122249145
