time/10,tput
0,16.588902773046346
1,16.69212216000182
2,16.630855757929584
-1,16.645856048020892
