time/10,tput
0,5.702638916735602
1,5.654024278629556
2,5.726692453574691
-1,5.696297474739934
