time/10,tput
0,16.58847749940234
1,16.693141741311877
2,16.629786214107988
-1,16.64550172249002
