time/10,tput
0,5.756005566962792
1,5.650445386602907
2,5.725370010274945
-1,5.713538643896146
