time/10,tput
0,5.7075738072854865
1,5.6536750362619825
2,5.72645344667838
-1,5.697753468595584
