time/10,tput
0,5.701929836741316
1,5.656462421669075
2,5.726171867423585
-1,5.696678276590318
