time/10,tput
0,5.737409048474022
1,5.668895911626095
2,5.725551116019324
-1,5.71439622105597
