time/10,tput
0,5.7317347124765075
1,5.662574365374495
2,5.72592589576323
-1,5.708482454088923
