time/10,tput
0,5.678462397764065
1,5.63546808712404
2,5.725801233265122
-1,5.688166156905887
