time/10,tput
0,11.603579418005973
1,11.2529954540597
2,11.568519579155767
-1,11.477273695248103
