time/10,tput
0,11.447805719771306
1,11.255178975251239
2,11.562290753387733
-1,11.469548611558121
