time/10,tput
0,16.556603448074554
1,16.503045536049022
2,16.45370426395629
-1,16.49027934208391
