time/10,tput
0,11.625176595484248
1,11.272427555080453
2,11.599442194106448
-1,11.497774108946356
