time/10,tput
0,16.562304731084488
1,16.502226476786927
2,16.455768421267383
-1,16.493090559745426
