time/10,tput
0,5.798132815839206
1,5.670708331042441
2,5.725998404664336
-1,5.732860193356708
