time/10,tput
0,5.684841521364465
1,5.6385171928843105
2,5.726024012335861
-1,5.689354636369783
