time/10,tput
0,11.391897509419893
1,11.247510594635658
2,11.56110441671973
-1,11.446812534739266
