time/10,tput
0,5.686415955232371
1,5.640931329638893
2,5.725868887266187
-1,5.6896808314407625
