time/10,tput
0,5.7182245453590905
1,5.654145293419762
2,5.725801098497791
-1,5.701136156667353
