time/10,tput
0,6.428728288992565
1,6.51023771708068
2,6.609741958192704
3,6.445841185143054
4,6.518861751200256
5,6.583925335643976
-1,6.5171935221383945
