time/10,tput
0,6.48931614786923
1,6.49747152971487
2,6.538202718342698
-1,6.488991369623959
