time/10,tput
0,1.4442665431083006
1,1.3326152553416544
2,1.3306342182473072
-1,1.36884793870466
