time/10,tput
0,1.4137235122166543
1,1.3328268068797986
2,1.3303981325931713
-1,1.3591246310948903
