time/10,tput
0,1.3282234351607891
1,1.3328998401185441
2,1.486129857643047
-1,1.3809685028281378
