time/10,tput
0,1.3824081048689463
1,1.33281685392223
2,1.330505477718379
-1,1.3481086499205304
