time/10,tput
0,1.398104813060868
1,1.3327644898978503
-1,1.3541178030924208
