time/10,tput
0,2.662677164776706
1,2.656502761799783
2,4.179463818601622
-1,3.2329524077707004
