time/10,tput
0,1.3425382770352239
1,1.3326931047889614
2,1.4727301672842625
-1,1.3818061433748856
