time/10,tput
0,1.457772159149099
1,1.3301679159777908
2,1.3306202274376275
-1,1.3722018948209551
