time/10,tput
0,1.4224123196441365
1,1.3327389900170297
2,1.3305494939254856
-1,1.3619414602747801
