time/10,tput
0,3.7750895450564235
1,2.6624132456214533
2,2.663878670412578
-1,3.021076935452551
