time/10,tput
0,3.946555709431949
1,2.6621334207686362
2,2.664307912553663
-1,3.0818096074534242
