time/10,tput
0,2.8723649757356995
1,2.662147939421448
2,3.3843975572475316
-1,3.027295033251332
