time/10,tput
0,5.353976246460407
1,5.267352567255517
2,5.340107661589936
-1,5.3235599134479195
