time/10,tput
0,5.268594843393066
1,5.267955592866279
2,5.342856218146428
-1,5.314461814798981
