time/10,tput
0,5.488440303411403
1,5.218752746001663
2,5.274310787286188
3,5.2294036787179525
4,5.229018783815873
5,5.248338271802675
-1,5.29117226718115
