time/10,tput
0,11.45460955189294
1,12.192534721274923
2,12.161379256386942
3,12.239385582594135
4,12.318541690573952
5,12.311051031380803
-1,12.112427882019267
