time/10,tput
0,5.673844175508806
1,5.220226188239715
2,5.284383221781504
3,5.218346877519405
4,5.240614793695188
5,5.235472917125481
-1,5.311063565187246
