time/10,tput
0,10.923081971345786
1,10.675839074314805
2,10.256087370055578
3,10.310776700887983
4,10.250464323421037
5,10.317235644078615
-1,10.457158074589334
