time/10,tput
0,10.577964675245994
1,10.419161464146992
2,10.27161380530832
3,10.287231170131012
4,10.247663497974845
5,10.371749047239996
-1,10.368732676198519
