time/10,tput
0,4.76074700135019
1,5.234686111261361
2,5.271764545012027
3,5.2222275679576615
4,5.22543579458621
5,5.492167223477983
-1,5.243316321748446
