time/10,tput
0,5.516752659253203
1,5.219371777177844
2,5.274427920795025
3,5.229200214909487
4,5.228216701756538
5,5.236264399819954
-1,5.2881213516335706
