time/10,tput
0,10.33521443430367
1,10.26614156653784
2,10.22553938176495
3,10.2389073981458
4,10.290927759532059
5,11.058968242694661
-1,10.425278712673338
