time/10,tput
0,4.841120133078402
1,5.222412699512014
2,5.272425853776767
3,5.2222410628560665
4,5.225087222442502
5,5.552636557077749
-1,5.256013135344488
