time/10,tput
0,4.794761011543321
1,5.233903608429298
2,5.2705308956261
3,5.210565767004725
4,5.2266700498846745
5,5.474186656211563
-1,5.243927392560298
