time/10,tput
0,11.359381373904304
1,12.198668539415038
2,12.141208274769253
3,12.288199027613825
4,12.147925842410041
5,12.068399715453394
-1,12.037039669724875
