time/10,tput
0,11.454940611324757
1,12.324781673242214
2,12.358419613422713
3,12.205142305289838
4,12.161576957489377
5,12.328252653687956
-1,12.141352917638137
