time/10,tput
0,4.841633912397481
1,5.233871568883162
2,5.272042852135374
3,5.222302772234695
4,5.226351048494155
5,5.479047883792466
-1,5.244792013513489
