time/10,tput
0,5.517264007096117
1,5.219525945150182
2,5.274049007695741
3,5.241784788409421
4,5.228106898878429
5,5.236612244462401
-1,5.29039218507857
