time/10,tput
0,9.51304316146839
1,10.293032951224202
2,10.158779030751642
3,10.257748184030868
4,10.41031225340178
5,12.184640447860735
-1,10.490698086331246
