time/10,tput
0,4.234654347107919
1,4.1831565848940215
2,4.142971010900275
3,4.158080289546149
4,4.182700988282267
5,4.3364889983924275
-1,4.225928176604355
