time/10,tput
0,17.648950932546008
1,17.63949008385503
2,17.451889285982364
3,17.616768273084183
4,17.5888054570752
5,17.601510028964572
-1,17.595962216630646
