time/10,tput
0,4.196389305742861
1,4.188025850105988
2,4.136256369011066
3,4.16352701007831
4,4.1751222952833835
5,4.342773353622111
-1,4.242695082580756
