time/10,tput
0,4.593308056801363
1,4.191695368249159
2,4.137316698305086
3,4.157144080897822
4,4.181689932319159
5,4.262154929358452
-1,4.261923514561904
