time/10,tput
0,8.43282417422666
1,8.303417506488843
2,8.303750980191639
3,8.377523339832353
4,8.407914748428562
5,8.372396051103616
-1,8.3866954075602
