time/10,tput
0,16.538357484287413
1,16.424780038032402
2,16.293282712825057
3,16.488931516007586
4,16.35027988438288
5,16.39524400392066
-1,16.40633155153636
