time/10,tput
0,16.418697325206786
1,16.31459922439311
2,16.21090407803126
3,16.475794044003973
4,16.435796104028974
5,16.33307817419652
-1,16.37043107467488
