time/10,tput
0,17.404683276337195
1,17.37430744064573
2,17.443598959054206
3,17.358953644142982
4,17.36043977468527
5,17.32363038289409
-1,17.380492196115217
