time/10,tput
0,5.9893441065077155
1,4.148685840721303
2,4.185215505585656
3,4.140445187581962
4,4.181559601942707
5,4.155036530480372
-1,4.4700853944441805
