time/10,tput
0,8.436992664047253
1,8.324179445674723
2,8.304350478266464
3,8.3954336874792
4,8.422690168038788
5,8.365501488994363
-1,8.393224535782947
