time/10,tput
0,4.166192122676985
1,4.177255228992074
2,4.134475190792665
3,4.163786616509833
4,4.18675607627183
5,4.379886874413635
-1,4.260926502969769
