time/10,tput
0,4.793117344852188
1,4.1855660329681745
2,4.136894638642208
3,4.154542064908776
4,4.184886610164925
5,4.242497688450694
-1,4.291038569405109
