time/10,tput
0,4.3087166835615
1,4.1882581496405615
2,4.139230357456793
3,4.158313205164557
4,4.186797570384583
5,4.289567921489153
-1,4.225870730215706
