time/10,tput
0,4.224552384545773
1,4.183367184120999
2,4.1380964332000545
3,4.161707819854119
4,4.1911560426542485
5,4.349024295280118
-1,4.229232080285006
