time/10,tput
0,17.376748579489547
1,17.415628351351984
2,17.369039880547778
3,17.32752546198732
4,17.351400570007247
5,17.340856832228567
-1,17.367785050841515
