time/10,tput
0,16.478277280154842
1,16.31118631106974
2,16.310151345515568
3,16.411066604310033
4,16.41642243430776
5,16.35326828883735
-1,16.38066653436026
