time/10,tput
0,8.287094487244657
1,8.358612720224299
2,8.301735477398605
3,8.397906882320695
4,8.476914914791292
5,8.370338142653535
-1,8.424211240688619
