time/10,tput
0,16.467512980423805
1,16.39884475916326
2,16.059401070282785
3,16.458487122781438
4,16.483217339599427
5,16.313881473281842
-1,16.370904889212703
