time/10,tput
0,17.613679488660512
1,17.67136300698317
2,17.580429043938647
3,17.621975681690056
4,17.635367321270504
5,17.484665967156033
-1,17.601994113189143
