time/10,tput
0,8.26806793715943
1,8.336775290598602
2,8.300355654271057
3,8.396466292786592
4,8.42793891039369
5,8.358454080860051
-1,8.419851546409468
