time/10,tput
0,4.152948151271891
1,4.193308788047637
2,4.135361219622006
3,4.163922829344863
4,4.1835116356616115
5,4.388955576294528
-1,4.276337757266121
