time/10,tput
0,4.149785398656456
1,4.184624067825961
2,4.1410891313127856
3,4.171467005914193
4,4.185505469573603
5,4.393000406809162
-1,4.274674347059458
