time/10,tput
0,5.885256494500562
1,4.145904415714915
2,4.197556006545166
3,4.14234985904879
4,4.193272754421895
5,4.164219497095153
-1,4.455002334340154
