time/10,tput
0,8.54912133170471
1,8.320356118757829
2,8.303492848850645
3,8.379545720815932
4,8.431151590927822
5,8.36088827121187
-1,8.400232579162326
