time/10,tput
0,6.515625349746041
1,4.14140095535798
2,4.177961902020248
3,4.135950562834068
4,4.169254523216725
5,4.171368228387666
-1,4.550214245520831
