time/10,tput
0,17.405956961231958
1,17.338533689669354
2,17.41238518580654
3,17.410578626197953
4,17.24671258978996
5,17.471265724844187
-1,17.384441872653237
