time/10,tput
0,16.54655463609981
1,16.448034800635895
2,16.292998480686762
3,16.419664568770255
4,16.46185279411497
5,16.266531535662065
-1,16.39721882435381
