time/10,tput
0,6.6607968892651135
1,4.145265313942474
2,4.191562518514676
3,4.1331917098803
4,4.182799409405355
5,4.161962971260041
-1,4.574401634630992
