time/10,tput
0,16.44670852734762
1,16.470587563312243
2,16.417768364476935
3,16.49174843233583
4,16.393136799759773
5,16.321107136125406
-1,16.407706900593467
