time/10,tput
0,4.153981499394025
1,4.186624733423488
2,4.1300505420233975
3,4.171464635198768
4,4.183835644756282
5,4.443430039812347
-1,4.2781564900789055
