time/10,tput
0,4.347905214356339
1,4.184454292744201
2,4.140581921277106
3,4.164260841013441
4,4.179937058717633
5,4.290699860912436
-1,4.237857112035698
