time/10,tput
0,16.53050753567884
1,16.380392599324185
2,16.306008930987666
3,16.410136561252244
4,16.432305688018292
5,16.24329548910118
-1,16.388763304428384
