time/10,tput
0,4.140526350835544
1,4.181780066531698
2,4.122337893618545
3,4.167079477610987
4,4.179054629656384
5,4.467714738874929
-1,4.277489903086084
