time/10,tput
0,4.453478748196222
1,4.1848135403593885
2,4.140079895015026
3,4.148201188293392
4,4.185575182270479
5,4.267790892882644
-1,4.2422419068230335
