time/10,tput
0,4.562022663185048
1,4.187733645326371
2,4.141265141111419
3,4.1493791657461765
4,4.190525841855868
5,4.254295502815989
-1,4.2589793035380135
