time/10,tput
0,4.16193396403274
1,4.175786969799919
2,4.139908364035483
3,4.174066337510178
4,4.196827592401098
5,4.374851952660315
-1,4.275042585301798
