time/10,tput
0,4.163580936271255
1,4.189685470295495
2,4.140854053066543
3,4.173561993117349
4,4.184775763773478
5,4.3830989129474185
-1,4.2783431837072925
