time/10,tput
0,4.297712663655501
1,4.181911701228021
2,4.140832347394387
3,4.156107099789523
4,4.186860360402114
5,4.279716593201253
-1,4.225257499477656
