time/10,tput
0,17.345113765376045
1,17.499110505495125
2,17.382805366233832
3,17.442117077870705
4,17.364295237577686
5,17.32362791560605
-1,17.394844625701058
