time/10,tput
0,4.514244926621462
1,4.176879055077231
2,4.143219972058318
3,4.154393532644934
4,4.183546607548205
5,4.269365603132544
-1,4.252444235363629
