time/10,tput
0,17.341712666911654
1,17.48989337573653
2,17.51550155601864
3,17.430581953185246
4,17.56633906832696
5,17.5270540443624
-1,17.482783113277733
