time/10,tput
0,8.854723006872227
1,8.324981160062826
2,8.296435204618987
3,8.382653322336383
4,8.431689967881773
5,8.362345059822358
-1,8.445427263385778
