time/10,tput
0,5.851515739797311
1,4.144476634944321
2,4.192249797599176
3,4.141048830289271
4,4.187763909277682
5,4.1587619332823325
-1,4.447754655038229
