time/10,tput
0,16.58544746309431
1,16.53434755063586
2,16.26913161842047
3,16.46170047333265
4,16.423015158667777
5,16.319646159033177
-1,16.422557015498576
