time/10,tput
0,4.657075622914729
1,4.192048378540318
2,4.139030110772378
3,4.144996503262688
4,4.187639670581389
5,4.2492597754964905
-1,4.272479655573726
