time/10,tput
0,4.782612006961024
1,4.187004953769045
2,4.141760248895759
3,4.149253187145342
4,4.186591898999006
5,4.234388891680171
-1,4.290358226645691
