time/10,tput
0,8.599918599899192
1,8.346587700407136
2,8.32787695728897
3,8.38217248728512
4,8.423473251285497
5,8.364430216154005
-1,8.414615448140069
