time/10,tput
0,8.296683149741773
1,8.34244883334563
2,8.327867902324122
3,8.379151528988713
4,8.3995011530549
5,8.36568820533097
-1,8.405334386042881
