time/10,tput
0,4.20767452183696
1,4.186361972960868
2,4.1344740263644795
3,4.170167171699895
4,4.173001819284415
5,4.3628168076460545
-1,4.228250657904099
