time/10,tput
0,4.147319901546784
1,4.187760922684086
2,4.132692637392429
3,4.174716627177344
4,4.177158554345222
5,4.4439194492322
-1,4.27709245025611
