time/10,tput
0,4.1646126912897845
1,4.186498970419481
2,4.137524553526971
3,4.166797186004959
4,4.187717717106638
5,4.378351591433576
-1,4.275124591592332
