time/10,tput
0,8.747301847585227
1,8.336644701120216
2,8.293381198829422
3,8.38690046700254
4,8.40716865460056
5,8.35436782239344
-1,8.425036415039948
