time/10,tput
0,8.648722812049712
1,8.317520332119557
2,8.288485294589272
3,8.396399058669392
4,8.419367415968882
5,8.332696597816343
-1,8.404457167922958
