time/10,tput
0,8.264684139626198
1,8.327495484743002
2,8.318902922070386
3,8.368585958841425
4,8.402884203689686
5,8.373263993731488
-1,8.408997343394772
