time/10,tput
0,16.445131974969453
1,16.38201467962343
2,16.24479030683853
3,16.365432967247145
4,16.423562355426775
5,16.157485087295193
-1,16.338835633248163
