time/10,tput
0,4.240271002945771
1,4.1895951942584535
2,4.145870265468452
3,4.1586395075829685
4,4.177723807842049
5,4.337881570332071
-1,4.228840216853486
