time/10,tput
0,8.413022194501517
1,8.294741704769418
2,8.270216954699599
3,8.393138296313749
4,8.397832419067173
5,8.345509800364773
-1,8.3731859024383
