time/10,tput
0,6.178883509800049
1,4.151962190722767
2,4.174647374647375
3,4.138692487584623
4,4.180601382202933
5,4.160539144572224
-1,4.500579638573949
