time/10,tput
0,8.424124107236107
1,8.322616389388276
2,8.290350367904637
3,8.382371914456211
4,8.439324967323628
5,8.384436942250682
-1,8.402369312013223
