time/10,tput
0,8.696893299455784
1,8.360013370458098
2,8.284612556172288
3,8.381401591089109
4,8.410902234317655
5,8.362066403043103
-1,8.418858005074709
