time/10,tput
0,8.338475299682175
1,8.329390791126968
2,8.307125776720655
3,8.394057342083077
4,8.440494999660975
5,8.364034466736728
-1,8.403221053987954
