time/10,tput
0,4.293501968111188
1,4.181309584914976
2,4.143509213822655
3,4.16457833059908
4,4.180627673797695
5,4.281833946578697
-1,4.227346860111275
