time/10,tput
0,4.301293795324847
1,4.189394926873189
2,4.143954167539788
3,4.16716908165158
4,4.193642902151068
5,4.293468341161899
-1,4.229324991160232
