time/10,tput
0,17.410330429078332
1,17.498690822319976
2,17.541325299369678
3,17.58181164723936
4,17.591847688114314
5,17.525282691695
-1,17.53035367852198
