time/10,tput
0,4.242848202359183
1,4.18795227238688
2,4.136156047170663
3,4.16260841289833
4,4.184547130572622
5,4.334063868042609
-1,4.22841635560781
