time/10,tput
0,17.814400661114682
1,17.678536507735647
2,17.58669646488576
3,17.48033833690357
4,17.715735555670456
5,17.81334144460999
-1,17.685891468103584
