time/10,tput
0,8.4531376617308
1,8.32468335116663
2,8.299856929861061
3,8.368556540027402
4,8.415777496068307
5,8.362457996526434
-1,8.390034731960885
