time/10,tput
0,8.32091910612576
1,8.346263233484914
2,8.304883503372677
3,8.389192247317224
4,8.420637330548404
5,8.369695079739694
-1,8.40567765375299
