time/10,tput
0,4.373578368935796
1,4.187307507643716
2,4.140623965054188
3,4.157701771447957
4,4.190241461135775
5,4.282118397825699
-1,4.240188868224083
