time/10,tput
0,16.540004830481895
1,16.392339852783333
2,16.4074458672478
3,16.367899934175362
4,16.447747091004153
5,16.284528101805282
-1,16.39763803616168
