time/10,tput
0,4.208150871510719
1,4.1895722771198765
2,4.133071948642018
3,4.161212551642003
4,4.179051457193496
5,4.350457645882677
-1,4.225869443012018
