time/10,tput
0,8.30604002922378
1,8.343519422386201
2,8.298354496613781
3,8.381806363702674
4,8.442622508258246
5,8.379018213654472
-1,8.403461519570747
