time/10,tput
0,4.191865831181192
1,4.186092381779941
2,4.137181540453667
3,4.170299063540417
4,4.184849130503747
5,4.340572309745698
-1,4.244391324578847
