time/10,tput
0,8.695760657455358
1,8.330486000827323
2,8.303664869393316
3,8.385928496180506
4,8.398378713787901
5,8.364245144529619
-1,8.417490571842176
