time/10,tput
0,17.42522610497352
1,17.37190585741486
2,17.414880456975858
3,17.358755457576855
4,17.283772398065665
5,17.408844285231428
-1,17.380548944897775
