time/10,tput
0,8.319186174060219
1,8.311763372828663
2,8.304926766950798
3,8.379126220669292
4,8.413234427983765
5,8.356439091864525
-1,8.389789354440857
