time/10,tput
0,5.928068931349626
1,4.141345947080854
2,4.175320606624794
3,4.146446797042694
4,4.18307304645214
5,4.159788059533448
-1,4.458201710268076
