time/10,tput
0,8.275579929905783
1,8.331657352909774
2,8.304172948921003
3,8.391662565173723
4,8.411687691805682
5,8.375930829262986
-1,8.406557360089055
