time/10,tput
0,8.274571445311464
1,8.34715542990968
2,8.280125782420786
3,8.36983108109633
4,8.40682569017444
5,8.355993364186244
-1,8.405105074929212
