time/10,tput
0,4.2319009957769
1,4.190499325933433
2,4.13976661603449
3,4.159045591969186
4,4.18009734202636
5,4.340462157886109
-1,4.227913024386148
