time/10,tput
0,6.519849437543471
1,4.148218770961323
2,4.192560194427704
3,4.136135167631784
4,4.180885745833444
5,4.166080096844858
-1,4.555276497382956
