time/10,tput
0,17.407607745981707
1,17.49694805927273
2,17.785137299359324
3,17.598347285033327
4,17.535766218892615
5,17.592746558994182
-1,17.57008901618712
