time/10,tput
0,6.721929977382135
1,4.145091694929922
2,4.194645064592752
3,4.131686520065611
4,4.182614588086913
5,4.1642989372077475
-1,4.587607827601418
