time/10,tput
0,17.410517505451853
1,17.58275849165908
2,17.496996024409015
3,17.620735125054008
4,17.687504097904466
5,17.56319951471921
-1,17.569662589651198
