time/10,tput
0,8.31414866209738
1,8.351897631669408
2,8.314730824743032
3,8.409735828791709
4,8.43150990304833
5,8.384777953213515
-1,8.4083545206799
