time/10,tput
0,8.277421092400488
1,8.32234607500411
2,8.30693774817611
3,8.38287810322411
4,8.393776767822528
5,8.374968366994306
-1,8.407799909583085
