time/10,tput
0,4.656809391465805
1,4.187466664549489
2,4.14264258385199
3,4.151132420499775
4,4.191658265223546
5,4.245220283546377
-1,4.273500728354218
