time/10,tput
0,4.873797740931555
1,4.1883361196409545
2,4.148245633658477
3,4.14942549339283
4,4.177047918872485
5,4.199263730395476
-1,4.303171624192996
