time/10,tput
0,8.41821436473168
1,8.349614900812496
2,8.294348031018387
3,8.367249599296652
4,8.416207218825594
5,8.341397872692385
-1,8.386359210881288
