time/10,tput
0,17.286760554092428
1,17.370356987902568
2,17.363048034746036
3,17.234089112272013
4,17.204153885026923
5,17.342191921783247
-1,17.304572993058713
