time/10,tput
0,16.526296248499023
1,16.502327779137723
2,16.267669090563768
3,16.420944014004235
4,16.390012351853823
5,16.36850247776555
-1,16.400915107758763
