time/10,tput
0,8.2856587893693
1,8.307364741945355
2,8.309680870446597
3,8.388025032260257
4,8.419146323740593
5,8.374814680221675
-1,8.40438067979438
