time/10,tput
0,6.502719605916829
1,4.142311578963705
2,4.180650096324691
3,4.133949324141187
4,4.173956854752408
5,4.168974896708512
-1,4.549240257788764
