time/10,tput
0,6.52160568800434
1,4.141529086497771
2,4.1748696834187085
3,4.138946769513971
4,4.1676433867954605
5,4.163494635352515
-1,4.54911371118452
