time/10,tput
0,6.38489717439494
1,4.1442440967951555
2,4.184417317796868
3,4.129695891045519
4,4.182581915839724
5,4.168084762044472
-1,4.527153568611192
