time/10,tput
0,6.461034651372449
1,4.138895813385107
2,4.190048407264079
3,4.140094879110861
4,4.177395494427318
5,4.170176846117239
-1,4.542256359214933
