time/10,tput
0,4.154152337308908
1,4.195844774141705
2,4.127515105688153
3,4.170488919511904
4,4.192360740978444
5,4.393121084681569
-1,4.278615863260965
