time/10,tput
0,4.382562031866641
1,4.189495755621233
2,4.140726255679282
3,4.161388506798689
4,4.193033111630689
5,4.268665038410633
-1,4.2397743852878875
