time/10,tput
0,6.747655565941563
1,4.150420614645964
2,4.182928923167629
3,4.1303073461871085
4,4.1777674019166895
5,4.16518538729955
-1,4.588465331400425
