time/10,tput
0,8.652832484058731
1,8.319647039946387
2,8.274651690203685
3,8.388453013344325
4,8.423574555281606
5,8.353373866809505
-1,8.406060193531859
