time/10,tput
0,8.512397059706757
1,8.33536170940035
2,8.301968655115218
3,8.394693953242435
4,8.424540349498681
5,8.385823906463054
-1,8.404900826525019
