time/10,tput
0,8.481180584978011
1,8.324288797030922
2,8.288316968064644
3,8.385135755212984
4,8.41407969599074
5,8.343661885375182
-1,8.387879925469438
