time/10,tput
0,8.289858012817628
1,8.340898260542513
2,8.305548755176183
3,8.400659883162263
4,8.453510673547227
5,8.390592175273447
-1,8.418581721455258
