time/10,tput
0,16.452174085861046
1,16.36969172596066
2,16.394428487213688
3,16.302661817164168
4,16.42384571166762
5,16.24957920347604
-1,16.36679427184853
