time/10,tput
0,16.516590176861005
1,16.382028725011462
2,16.39163985348354
3,16.36329176785895
4,16.321447151881177
5,16.32775627761469
-1,16.387387004038168
