time/10,tput
0,4.608328056598299
1,4.1800227532149385
2,4.142030198221709
3,4.160997591989037
4,4.183024673160474
5,4.265419252078171
-1,4.268639378171755
