time/10,tput
0,16.480962214010507
1,16.423698770553322
2,16.25357371808778
3,16.35559742052364
4,16.40259582170241
5,16.493559955802056
-1,16.391714319848017
