time/10,tput
0,4.230803535665304
1,4.182440408200225
2,4.132737720589721
3,4.167353920640641
4,4.189803652091505
5,4.326585618694927
-1,4.224025850358054
