time/10,tput
0,4.247593317954659
1,4.191320578095173
2,4.123507885823336
3,4.159131512151961
4,4.177710927948651
5,4.342828129836575
-1,4.227775445684019
