time/10,tput
0,4.1648671158789785
1,4.186591003521916
2,4.136033103710461
3,4.170649663925136
4,4.189457894455088
5,4.382198634492315
-1,4.277594618178693
