time/10,tput
0,4.1493008802386875
1,4.187412217392208
2,4.1350885474555445
3,4.1714261114507565
4,4.187528777843581
5,4.399470717209839
-1,4.278290313949208
