time/10,tput
0,4.194528906645185
1,4.182901311432148
2,4.139759417012744
3,4.164447292596252
4,4.173271506516017
5,4.342776623805086
-1,4.228939109655499
