time/10,tput
0,8.278624971121607
1,8.347008694786508
2,8.284629708638015
3,8.38036152472725
4,8.391264034859034
5,8.360924382161778
-1,8.408190298229183
