time/10,tput
0,8.982614738958379
1,8.342198759311708
2,8.295986212534643
3,8.383921188438492
4,8.428997375471058
5,8.341693521189827
-1,8.46531944766859
