time/10,tput
0,8.643863678953618
1,8.324157221739583
2,8.325137547770916
3,8.389987553667753
4,8.408795440385257
5,8.362838510475578
-1,8.415441010227537
