time/10,tput
0,4.157598051658355
1,4.183395298735298
2,4.134237078875718
3,4.168147879639103
4,4.189639136081911
5,4.390721635086949
-1,4.2770463289855964
