time/10,tput
0,8.543239846501695
1,8.318611243751624
2,8.281821987728256
3,8.38440541659928
4,8.405701438883693
5,8.34817797284366
-1,8.388397438117432
