time/10,tput
0,8.315955064581493
1,8.33139846874804
2,8.310497828776327
3,8.371325995434283
4,8.421623339516868
5,8.371905848501148
-1,8.401970375763222
