time/10,tput
0,4.3951750237091245
1,4.177962793809755
2,4.1436697370366575
3,4.161233095359522
4,4.183819149980665
5,4.2853551399779555
-1,4.237926102394733
