time/10,tput
0,17.355032868457325
1,17.455815101202383
2,17.426027429587165
3,17.240362288378275
4,17.49526694312087
5,17.311972071940257
-1,17.384446966051158
