time/10,tput
0,8.494921644560916
1,8.349960604957127
2,8.29878989698863
3,8.399950533204516
4,8.429203839025579
5,8.35121464109074
-1,8.403941507311586
