time/10,tput
0,4.158282089347297
1,4.186269353034569
2,4.136626426784709
3,4.166751060984167
4,4.185095196246278
5,4.378880272276873
-1,4.274894040386904
