time/10,tput
0,16.567587315741353
1,16.41167644289908
2,16.32565282296985
3,16.33278731295193
4,16.377768224862038
5,16.17947931858752
-1,16.373970059795507
