time/10,tput
0,4.45095643467843
1,4.178651269801807
2,4.144939643932507
3,4.151100042606558
4,4.180264085418635
5,4.270033844659945
-1,4.241612058570319
