time/10,tput
0,8.316496647627547
1,8.348982338325252
2,8.278133810880007
3,8.373987814798012
4,8.397388469333793
5,8.362684077582545
-1,8.392444166558743
