time/10,tput
0,4.16084397873869
1,4.181264031241236
2,4.138629869984485
3,4.174068908989962
4,4.19526671382352
5,4.3783104575427005
-1,4.275320170595185
