time/10,tput
0,4.432259816193255
1,4.179045508838562
2,4.142927652818532
3,4.15913298510033
4,4.185513226363715
5,4.272340788419546
-1,4.240841786091487
