time/10,tput
0,4.218585195317925
1,4.195917030389825
2,4.137984066387858
3,4.164414312880189
4,4.187108653165661
5,4.350073405821759
-1,4.239694562857401
