time/10,tput
0,8.668589697037552
1,8.325282334585003
2,8.275111751622113
3,8.39537087101617
4,8.42451845146319
5,8.34462665182363
-1,8.409642072163606
