time/10,tput
0,6.736032087028313
1,4.139134462260732
2,4.1784610664052195
3,4.133697595855621
4,4.190214948812095
5,4.174309850920728
-1,4.588661286099252
