time/10,tput
0,8.336252562744093
1,8.345117025236455
2,8.316759318231718
3,8.405563703101897
4,8.413119276589786
5,8.357618349143204
-1,8.404124897847941
