time/10,tput
0,4.144771318251053
1,4.18737877340525
2,4.134444236633096
3,4.166234688160963
4,4.188840953522139
5,4.39521392332268
-1,4.276111534925919
