time/10,tput
0,17.472550837521887
1,17.47910119424367
2,17.39534415880378
3,17.4345627773945
4,17.3042300502241
5,17.38821882241975
-1,17.415464496182334
