time/10,tput
0,4.166747808617396
1,4.189668530786735
2,4.139115789473684
3,4.1603296583993625
4,4.183629866835709
5,4.380617433914644
-1,4.262093098910816
