time/10,tput
0,8.308065067580198
1,8.357127496637073
2,8.301137139149679
3,8.38699530061791
4,8.40674421545606
5,8.361020613414121
-1,8.405457189521332
