time/10,tput
0,4.227817417058345
1,4.188604207232002
2,4.139969463628121
3,4.163278357548472
4,4.184686494446442
5,4.342042080470793
-1,4.2288374239922435
