time/10,tput
0,8.758625073933036
1,8.37242828234437
2,8.298849246329864
3,8.37003648333614
4,8.422952041936451
5,8.347437840325952
-1,8.431747307820189
