time/10,tput
0,4.443326271248786
1,4.179515778540439
2,4.13597852925611
3,4.157633180392606
4,4.1904943417749525
5,4.2726192224459165
-1,4.242220353894888
