time/10,tput
0,16.51793732106325
1,16.391966798840755
2,16.240521175900668
3,16.374464479752632
4,16.40673793652472
5,16.1863043843199
-1,16.351948547495336
