time/10,tput
0,4.166718044769459
1,4.189803452791127
2,4.139036723758073
3,4.172800762849842
4,4.185441526873585
5,4.366029051568005
-1,4.261005401621896
