time/10,tput
0,17.76072935960746
1,17.442741302579744
2,17.42936466134785
3,17.578147512255097
4,17.709043588066038
5,17.635932468646818
-1,17.59664633735108
