time/10,tput
0,4.335515891017424
1,4.188676313911483
2,4.143879010927951
3,4.1620991631396125
4,4.1855491267539415
5,4.280958362720825
-1,4.229346297929943
