time/10,tput
0,4.435435776005884
1,4.178063865753815
2,4.1424556443369305
3,4.155033982397319
4,4.194809774207061
5,4.268770012477192
-1,4.2415859410921355
