time/10,tput
0,4.247450971110491
1,4.1873034268564995
2,4.135161347114015
3,4.154761257576787
4,4.1865917995015325
5,4.292479494675012
-1,4.22154723145544
