time/10,tput
0,8.715803214397205
1,8.320094203308049
2,8.280401705786304
3,8.380228370217523
4,8.423819565784981
5,8.344641277202033
-1,8.414362628748938
