time/10,tput
0,16.540440196435267
1,16.416092995439808
2,16.283367632958146
3,16.350925828290734
4,16.305451563009274
5,16.545809497915787
-1,16.39625867569804
