time/10,tput
0,8.299339306498899
1,8.337139266249755
2,8.30321359973354
3,8.390788006636392
4,8.42601156096687
5,8.352206300872032
-1,8.403584399613065
