time/10,tput
0,6.21842196652219
1,4.144745475715699
2,4.182292158186534
3,4.143880863003651
4,4.192626450297684
5,4.165624370479974
-1,4.5073309735547
