time/10,tput
0,4.225073243280466
1,4.182520048514742
2,4.134542049477644
3,4.158321155968585
4,4.1747863766905935
5,4.347081589685649
-1,4.225872842551663
