time/10,tput
0,5.981005338784517
1,4.14072635300864
2,4.17917211331457
3,4.138382140666088
4,4.179180639811832
5,4.163022651319636
-1,4.463236912364376
