time/10,tput
0,4.203205019746468
1,4.1865739895299985
2,4.1327646740247985
3,4.175064210648135
4,4.1903887800831425
5,4.3595673716543635
-1,4.240192211424761
