time/10,tput
0,17.47110894571862
1,17.423648079165115
2,17.640619685879923
3,17.680665229032993
4,17.626067075570294
5,17.46744020277563
-1,17.552706847558486
