time/10,tput
0,16.468024351520828
1,16.31472769109363
2,16.263529913282543
3,16.296010991457717
4,16.391982033171832
5,16.153061696064082
-1,16.32024960105889
