time/10,tput
0,16.479623954337313
1,16.468715242757863
2,16.343131272246318
3,16.347287521471586
4,16.39984125290993
5,16.36179442919253
-1,16.389740848014394
