time/10,tput
0,6.57543467731009
1,4.142846395397171
2,4.189127036911337
3,4.132588513509043
4,4.176268387229901
5,4.166687690024765
-1,4.558335570508072
