time/10,tput
0,17.469113064866605
1,17.46703450716608
2,17.42041805071166
3,17.465498770829242
4,17.44245115273544
5,17.384204896345263
-1,17.44240390456676
