time/10,tput
0,8.592678314917164
1,8.312235771462925
2,8.317328102101746
3,8.391138327783842
4,8.414322764319957
5,8.359867968192209
-1,8.401757684304568
