time/10,tput
0,4.2066340356733525
1,4.184904306365588
2,4.13779006331524
3,4.178475536716865
4,4.192428786495641
5,4.3538774683330725
-1,4.240776425658169
