time/10,tput
0,6.9364860945383
1,4.146412930650981
2,4.181294102509285
3,4.133940011103579
4,4.186761947091548
5,4.16675864985971
-1,4.6271722707290595
