time/10,tput
0,4.220112046147142
1,4.188603709266327
2,4.140386604093263
3,4.161353707782824
4,4.188244109374224
5,4.33951655200201
-1,4.226757420276842
