time/10,tput
0,8.705348134912361
1,8.31845647595341
2,8.306856663493138
3,8.396937161883363
4,8.435678690117742
5,8.371511380543934
-1,8.425075365025611
