time/10,tput
0,6.281197087641053
1,4.146772020644036
2,4.183846276999864
3,4.137162107987633
4,4.193741439541181
5,4.164147048780018
-1,4.51880814280373
