time/10,tput
0,6.389321033678358
1,4.1502633813133984
2,4.185884591463864
3,4.138316227106778
4,4.177118934881048
5,4.160422804430633
-1,4.533935705923047
