time/10,tput
0,16.615753066299167
1,16.325994190610114
2,16.281759850219675
3,16.350094894205426
4,16.442360258145424
5,16.23397539394911
-1,16.378641561067717
