time/10,tput
0,6.725145766127602
1,4.1449141894034
2,4.185448388438329
3,4.136883757947985
4,4.182776864500988
5,4.169124670815483
-1,4.588252776229516
