time/10,tput
0,8.306958705102813
1,8.33760370192534
2,8.282648378664577
3,8.389445546313707
4,8.419417322385758
5,8.367020489492788
-1,8.419759340427268
