time/10,tput
0,4.154363847060932
1,4.192436568968279
2,4.136679172693134
3,4.168674887537257
4,4.191636522357867
5,4.3848351525689
-1,4.277924040329371
