time/10,tput
0,16.486952902299567
1,16.41975962422708
2,16.402823249322072
3,16.328125639425377
4,16.32505226756121
5,16.22673929959612
-1,16.365927304805638
