time/10,tput
0,17.364057680992936
1,17.412966800995022
2,17.332635729769407
3,17.294297913411985
4,17.27170470606166
5,17.422543837919967
-1,17.354653739397133
