time/10,tput
0,4.713867452691361
1,4.178864290408168
2,4.1358731716167645
3,4.1559180607329
4,4.1832752926997605
5,4.252292011711146
-1,4.27790481553893
