time/10,tput
0,4.190444600522919
1,4.183121122864875
2,4.146132358626176
3,4.154465446016334
4,4.190563822013524
5,4.33903222255457
-1,4.241322416012757
