time/10,tput
0,4.665759876081053
1,4.189380081943689
2,4.140524404437309
3,4.151018170852015
4,4.1904748039880415
5,4.246597990265427
-1,4.274749895913823
