time/10,tput
0,17.497168283979615
1,17.421656410640797
2,17.33864532140249
3,17.466742717262665
4,17.430345177272486
5,17.353281104509325
-1,17.421008636684782
