time/10,tput
0,4.151399973177209
1,4.187218627907491
2,4.128169737901265
3,4.171644619674646
4,4.181486946036694
5,4.399418068612941
-1,4.2769596370575735
