time/10,tput
0,4.160648022828103
1,4.18427856817633
2,4.136902216302353
3,4.1658469999564645
4,4.187363843226409
5,4.389616494167594
-1,4.276939000618787
