time/10,tput
0,16.451140829040224
1,16.387233418484154
2,16.37447227555213
3,16.368306558596057
4,16.495079363989777
5,16.385031089275387
-1,16.40150795177343
