time/10,tput
0,6.611765806987031
1,4.143115122146691
2,4.183254133409178
3,4.1353679179668275
4,4.182785008447214
5,4.168871698941756
-1,4.569187544934696
