time/10,tput
0,16.42663107429587
1,16.43414320099164
2,16.20875987514207
3,16.46480735673098
4,16.336135946576686
5,16.219470789100004
-1,16.35176573185334
