time/10,tput
0,4.192321830311754
1,4.181887279685401
2,4.138273160826792
3,4.168103992984101
4,4.186178726762276
5,4.3445540836309835
-1,4.24386954519404
