time/10,tput
0,17.460690483563152
1,17.525594743348407
2,17.43570209061708
3,17.296724417637602
4,17.298364321877944
5,17.293473980279927
-1,17.38846611178285
