time/10,tput
0,6.446281169560205
1,4.143309917242825
2,4.189394926873189
3,4.1349513998624925
4,4.185629880020783
5,4.15686803823207
-1,4.545231798939381
