time/10,tput
0,8.410466704017074
1,8.321665550290057
2,8.318526592123089
3,8.382687627069481
4,8.410685157996607
5,8.378673287387812
-1,8.390987336569331
