time/10,tput
0,16.463857895951993
1,16.455928458125562
2,16.286517418436933
3,16.36449933541942
4,16.3623556558199
5,16.43377285579991
-1,16.38011578220365
