time/10,tput
0,16.497323017586286
1,16.40682039564121
2,16.25764558474909
3,16.42510124945469
4,16.554377327346263
5,16.307818513680626
-1,16.39513646759084
