time/10,tput
0,4.143379400866094
1,4.188242117854708
2,4.12459886835324
3,4.170434912959951
4,4.17313794370993
5,4.459503751070317
-1,4.277110431136853
