time/10,tput
0,4.640362170496739
1,4.182007404656238
2,4.146300990059206
3,4.154443009561049
4,4.1806717253618215
5,4.251426863429788
-1,4.2704006414752484
