time/10,tput
0,8.284520486104583
1,8.343326976641983
2,8.30578390939606
3,8.391624189494395
4,8.40969099639041
5,8.362440529842036
-1,8.407582159305305
