time/10,tput
0,6.435342840518406
1,4.1471004194000685
2,4.197006774758136
3,4.1440862587229566
4,4.192715759339736
5,4.161927277678367
-1,4.543605878088013
