time/10,tput
0,4.148973794101996
1,4.187976366565012
2,4.1233816394499545
3,4.1692592596274185
4,4.190864796739304
5,4.453805575709455
-1,4.2917170160771345
