time/10,tput
0,16.424341511169125
1,16.436052167864574
2,16.318074729342317
3,16.328355094001775
4,16.431512902127505
5,16.273366612169923
-1,16.372747833148953
