time/10,tput
0,15.75782765927001
1,7.301109685602409
2,6.695527060789029
3,6.657985663095345
4,6.616119708247721
5,6.713430869280997
-1,8.275561055652943
