time/10,tput
0,17.593485764648317
1,17.50572718092764
2,17.54221859769473
3,17.377389900706977
4,17.53400018498409
5,17.490005482401795
-1,17.50586990404197
