time/10,tput
0,17.472118286582052
1,17.547155263017462
2,17.608781451999043
3,17.56563390844124
4,17.427943129877786
5,17.298956941077613
-1,17.490254772486818
