time/10,tput
0,14.280086273047672
1,6.975212185338467
2,6.686317476534582
3,6.6616918538807655
4,6.61980983118374
5,6.718279985682125
-1,7.977229981384735
