time/10,tput
0,7.776195886263349
1,6.675621582085419
2,6.618411660530552
3,6.6296653603776745
4,6.684175715541217
5,8.95749194356368
-1,7.292898423590266
