time/10,tput
0,13.518615709753618
1,13.370927195111756
2,13.492484130877642
3,13.508753278462382
4,13.533060730826357
5,15.4718056554398
-1,13.864988021534765
