time/10,tput
0,15.35858937469019
1,7.184313501585122
2,6.678994540005525
3,6.661953062140817
4,6.5934526133216655
5,6.688148133797821
-1,8.172883543243817
