time/10,tput
0,14.020661643130685
1,6.8387314293573
2,6.6593728314020515
3,6.658463659698831
4,6.6472894208349285
5,6.7597434397910074
-1,7.928460436110502
