time/10,tput
0,13.384112010603456
1,6.753660430243044
2,6.699559305092746
3,6.669206210338616
4,6.649533634325347
5,6.794136958427185
-1,7.84032176126702
