time/10,tput
0,9.626764771857163
1,6.70377345975543
2,6.6448448147091455
3,6.721117363923333
4,6.62825458164661
5,7.961616174462547
-1,7.405463224266413
