time/10,tput
0,8.981628397819183
1,6.6647524661648365
2,6.63133649154672
3,6.684418020174824
4,6.638315777080651
5,8.148501087065661
-1,7.3239598976984555
