time/10,tput
0,8.555455092464744
1,6.647681592795841
2,6.625647113655948
3,6.64899477792271
4,6.688428613331371
5,8.33963093601392
-1,7.294860628772716
