time/10,tput
0,13.578032524821358
1,6.793330579600172
2,6.671767932617175
3,6.657579025628204
4,6.643858710864054
5,6.790801672567759
-1,7.865430346825406
