time/10,tput
0,6.675159828748923
1,6.650262370016575
2,6.668141819495945
3,6.675903390835553
4,6.891934359312982
5,13.56159314441523
-1,7.980198919998202
