time/10,tput
0,10.681096989635972
1,6.693888798001931
2,6.622293320423298
3,6.640348691455949
4,6.676297836170368
5,7.450658155349802
-1,7.49809934219003
