time/10,tput
0,14.476037922837573
1,6.9827020008873895
2,6.6660033043187426
3,6.65824705405449
4,6.622409896749709
5,6.721956434183174
-1,8.006850754652783
