time/10,tput
0,17.499433416591174
1,17.59032811767936
2,17.494882054262025
3,17.55002788828207
4,17.847380849935934
5,17.529168735132984
-1,17.585269731374012
