time/10,tput
0,14.82838803643531
1,13.35928929042946
2,13.53947062167477
3,13.579693128283047
4,13.567458251296552
5,14.143271517818993
-1,13.883099726534734
