time/10,tput
0,11.108680236084911
1,6.705524189526935
2,6.650446664265247
3,6.661741598735765
4,6.661385189309408
5,7.380883594830665
-1,7.5562625964388435
