time/10,tput
0,17.53423757922381
1,17.481149318158366
2,17.730134636588176
3,17.708396300788092
4,17.740348278551842
5,17.685795043386896
-1,17.648129874228072
