time/10,tput
0,13.655202851249546
1,13.355570949102466
2,13.435482007560996
3,13.514842044246063
4,13.614286522883457
5,15.56021118711851
-1,13.90621797285849
