time/10,tput
0,8.340638406895769
1,6.670204444781176
2,6.628406701697275
3,6.647745753639621
4,6.694745468596787
5,8.49054387150122
-1,7.305064661899409
