time/10,tput
0,6.664751517780157
1,6.618920627299821
2,6.6506640218475885
3,6.667131231741024
4,6.975815267531566
5,13.88383878086095
-1,8.011204043842541
