time/10,tput
0,17.4700069967787
1,17.36517941833021
2,17.365490968888835
3,17.564862351998222
4,17.36627939875618
5,17.34325849286497
-1,17.417203966764852
