time/10,tput
0,13.583372747335584
1,13.356638335808903
2,13.532420557082512
3,13.546080238009063
4,13.575785454239783
5,15.549156756361374
-1,13.909215948418591
