time/10,tput
0,7.698976848198131
1,6.696826023947476
2,6.6520659339030965
3,6.6614927239801265
4,6.694020983979158
5,8.898927283850977
-1,7.321365964547754
