time/10,tput
0,17.565171635173815
1,17.31586560726876
2,17.454400458701546
3,17.498517698445735
4,17.438025077671334
5,17.31456578751358
-1,17.43572335238999
