time/10,tput
0,17.39658729743282
1,17.40141984535563
2,17.56402859553441
3,17.515939190774635
4,17.648357680245173
5,17.505437007448943
-1,17.50791370834854
