time/10,tput
0,17.318013777595798
1,17.37029910704946
2,17.37008412440075
3,17.72230300982811
4,17.631174464343857
5,17.727995487991624
-1,17.52574831028285
