time/10,tput
0,17.441484608895543
1,17.436507278522285
2,17.26176717498805
3,17.518298140230108
4,17.578160069524216
5,17.46854224365359
-1,17.45532601194445
