time/10,tput
0,17.617248615770638
1,17.556837337445007
2,17.647602956500556
3,17.5949480066575
4,17.50424943056459
5,17.584255811149312
-1,17.590440678469374
