time/10,tput
0,13.495846000388502
1,13.398500843895425
2,13.544290307159175
3,13.512244750078283
4,13.554719079403624
5,15.715172321112817
-1,13.926262967748375
