time/10,tput
0,6.742296937043456
1,6.620067609323094
2,6.6633112329777155
3,6.6562028522641485
4,6.815857239541202
5,13.24119994789374
-1,7.877837359612364
