time/10,tput
0,17.37075554939248
1,17.657363126752035
2,17.860132719853013
3,17.560165094655485
4,17.88567714395735
5,17.549800079713734
-1,17.647153210684504
