time/10,tput
0,13.787067318056565
1,6.7727658951201635
2,6.6781377692471136
3,6.660639016440085
4,6.614028590976842
5,6.78433811410488
-1,7.886763025700303
