time/10,tput
0,13.743788897451772
1,6.779881827536265
2,6.670080163664049
3,6.668082643892326
4,6.641840443829349
5,6.790760281122128
-1,7.884214785408057
