time/10,tput
0,17.409023897362534
1,17.303845202797383
2,17.333170881368883
3,17.50972084543347
4,17.443766852381767
5,17.34865435226743
-1,17.394586702242343
