time/10,tput
0,16.3861351630667
1,13.439059531959973
2,13.516175814413522
3,13.502359967527605
4,13.439192542003541
5,13.415134474730797
-1,13.94281542579883
