time/10,tput
0,6.705564075459824
1,6.624635309374528
2,6.652621352098339
3,6.67537008350746
4,6.849138139337079
5,13.458267634189067
-1,7.914768074189212
