time/10,tput
0,17.45637761813903
1,17.58630179215551
2,17.51393489482303
3,17.460495266454203
4,17.69296635339316
5,17.37402990329773
-1,17.51578662610597
