time/10,tput
0,7.419955381596886
1,6.639842699412514
2,6.665837753155113
3,6.65738581925943
4,6.668340555947588
5,9.761896683798122
-1,7.407649578467681
