time/10,tput
0,14.642340450220082
1,13.415327083141326
2,13.423976957354277
3,13.614224591817639
4,13.48445638424717
5,14.43350127569395
-1,13.88012709620678
