time/10,tput
0,7.614462955773286
1,6.665845026481482
2,6.607471230693455
3,6.659430274397989
4,6.670731543179517
5,9.267625541051641
-1,7.338999408516815
