time/10,tput
0,14.068748492801554
1,6.823045721933215
2,6.661430981916559
3,6.659220706936473
4,6.618053326295262
5,6.7551542770080895
-1,7.931156895617371
