time/10,tput
0,15.952776509965009
1,7.359905809442868
2,6.622559251534755
3,6.689389935616092
4,6.594427059613346
5,6.675273675458101
-1,8.294159423371337
