time/10,tput
0,16.243709595150094
1,13.425243394476093
2,13.45915407507272
3,13.612507519374004
4,13.4459102606642
5,13.324951080236756
-1,13.93205919155919
