time/10,tput
0,7.725739546877878
1,6.673587143740122
2,6.6143671847150785
3,6.660767840103478
4,6.685128659143145
5,8.997210938057503
-1,7.307614451494613
