time/10,tput
0,17.397760107408047
1,17.459564514688783
2,17.559537702574346
3,17.384617759363998
4,17.4724293883648
5,17.504835104583442
-1,17.467170615720914
