time/10,tput
0,7.573717277743165
1,6.6801195639474455
2,6.627815301889401
3,6.663905824155194
4,6.693670678636677
5,9.261072092221381
-1,7.371000612061523
