time/10,tput
0,13.531255942938023
1,13.463146905362642
2,13.444957244435393
3,13.51772447087119
4,13.548620403667295
5,15.571667485138693
-1,13.893964152580523
