time/10,tput
0,17.3455507457771
1,17.405424929543905
2,17.50767769522858
3,17.41582747825798
4,17.472120782006822
5,17.210803290498998
-1,17.395586172777676
