time/10,tput
0,7.872488080077135
1,6.679370299670683
2,6.610084155690097
3,6.655187053594318
4,6.6808931385150565
5,8.78089362440734
-1,7.276647500010042
