time/10,tput
0,14.699405267459419
1,13.361367612526267
2,13.434822451067255
3,13.5966629970338
4,13.636512880807544
5,14.339806239463362
-1,13.894409001403375
