time/10,tput
0,14.522760028455075
1,13.348834132742438
2,13.537522117937622
3,13.610555214447976
4,13.494123693245479
5,14.549861080143936
-1,13.892169469299347
