time/10,tput
0,17.531557063784376
1,17.501063568975844
2,17.43823636433268
3,17.517805929866174
4,17.494777390773063
5,17.314924409816914
-1,17.469836682414012
