time/10,tput
0,12.391459685201506
1,6.705233178464688
2,6.624443698018753
3,6.639713899488438
4,6.6496088451716595
5,6.992838944950973
-1,7.6836882242647855
