time/10,tput
0,7.654118219255451
1,6.708378729108956
2,6.646290487719983
3,6.667267266725787
4,6.699420032640969
5,9.13290501388423
-1,7.339430625403131
