time/10,tput
0,17.335713714605753
1,17.435527725871943
2,17.507639079298087
3,17.49415485653497
4,17.3453029834318
5,17.272601396653126
-1,17.39921343625336
