time/10,tput
0,12.737636065285017
1,6.713193843192032
2,6.619080270369636
3,6.641864461737006
4,6.666521357070797
5,6.957424444737864
-1,7.73694335757116
