time/10,tput
0,13.825608520324412
1,6.799559698006158
2,6.660309717813775
3,6.666772980115835
4,6.635932140056622
5,6.768976000062276
-1,7.893599275795076
