time/10,tput
0,6.8193045664582
1,6.640070817751846
2,6.653712931652129
3,6.677971773511786
4,6.7632821034314565
5,12.864972023841792
-1,7.832717789895432
