time/10,tput
0,7.940829394918199
1,6.662909473931292
2,6.605295525933434
3,6.6355678324164415
4,6.681444802949611
5,8.848638998064168
-1,7.2782670521163775
