time/10,tput
0,13.069498301024618
1,6.7530249579481865
2,6.641254649047049
3,6.642324289032935
4,6.680724782257078
5,6.839786033772461
-1,7.7810011218920545
