time/10,tput
0,14.716555040611663
1,13.377859875125127
2,13.477304245151435
3,13.625902424327014
4,13.603548619766427
5,14.352174860967562
-1,13.906770561743476
