time/10,tput
0,7.873669608910442
1,6.676947733774658
2,6.6074636181210895
3,6.636206846634815
4,6.679301240540879
5,8.882121842992953
-1,7.290004544493315
