time/10,tput
0,7.463022637950161
1,6.689761769824819
2,6.623051217963143
3,6.622530066736836
4,6.678856121245685
5,9.579477559671359
-1,7.389747699191679
