time/10,tput
0,15.102840036766986
1,7.145188418066197
2,6.665043316866614
3,6.6674150133349075
4,6.619860667872486
5,6.718134397609393
-1,8.137844401865676
