time/10,tput
0,13.622538390016107
1,13.463257984514298
2,13.491941449232431
3,13.507938189625502
4,13.549174894522912
5,15.627793574329614
-1,13.926343152232054
