time/10,tput
0,6.739048805675993
1,6.632043870580701
2,6.6518691110395896
3,6.67272193619381
4,6.798533898851511
5,13.15871618695836
-1,7.882577620959601
