time/10,tput
0,14.798675131198939
1,13.362687542987535
2,13.480457966667478
3,13.645383382742528
4,13.54211054339174
5,14.142143471656121
-1,13.87745122876819
