time/10,tput
0,6.7476533310066165
1,6.639431216078356
2,6.697783536065088
3,6.67113107877768
4,6.768548059065061
5,13.046324208006135
-1,7.882889192310673
