time/10,tput
0,13.556020785038392
1,13.433065649928068
2,13.492219535972676
3,13.543657752918767
4,13.512878854890305
5,15.725255710988085
-1,13.925429952373669
