time/10,tput
0,14.447931216746838
1,6.950531512118943
2,6.667221235661874
3,6.6718114920970315
4,6.643601275506984
5,6.748140102861976
-1,8.018785256950128
