time/10,tput
0,17.481113513496776
1,17.838694882477643
2,17.546518373444133
3,17.466615114200707
4,17.782873459496585
5,17.84409001774901
-1,17.6643368234738
