time/10,tput
0,12.36858724027525
1,6.69980096931439
2,6.62458924043252
3,6.666132651828683
4,6.669890980281246
5,6.980801690221618
-1,7.696370619112558
