time/10,tput
0,17.423057065224164
1,17.351523918598712
2,17.428511714639427
3,17.50434448059381
4,17.460702529017112
5,17.264485649541797
-1,17.41040344890957
