time/10,tput
0,6.657042649310846
1,6.6391520074833705
2,6.679879952575477
3,6.676669643965747
4,6.957915459325877
5,13.758665325633231
-1,8.010745586556954
