time/10,tput
0,17.515405969190812
1,17.64784291725105
2,17.651302517157248
3,17.62896177828415
4,17.5638572568931
5,17.68976986270452
-1,17.621670928115307
