time/10,tput
0,16.25746156271311
1,13.391029554429274
2,13.482697815658383
3,13.494030755838303
4,13.505858687262345
5,13.4147073233369
-1,13.915903133692508
