time/10,tput
0,14.557126919478506
1,13.421498882120593
2,13.460613389965921
3,13.559029419148098
4,13.57571921995346
5,14.497966145687075
-1,13.897050348673655
