time/10,tput
0,14.7032042605107
1,13.371593957785924
2,13.470576919700587
3,13.666588362758027
4,13.59368558463465
5,14.158444904254711
-1,13.87944398827852
