time/10,tput
0,13.848235981810944
1,6.770676893511219
2,6.659340638507981
3,6.671678281077762
4,6.653455834784608
5,6.770464576613613
-1,7.894972301621843
