time/10,tput
0,7.794200743270566
1,6.687485391417209
2,6.6185796966458055
3,6.6436490228398455
4,6.701304795564422
5,8.95130832672179
-1,7.27738810794507
