time/10,tput
0,13.44775761315815
1,13.399353401868693
2,13.43453939399835
3,13.490393374697794
4,13.584118356422332
5,15.593913460796673
-1,13.883163257938905
