time/10,tput
0,17.57502507639817
1,17.598401405588262
2,17.626043222080053
3,17.529337732637323
4,17.651036023109228
5,17.443821988426382
-1,17.570205942100657
