time/10,tput
0,16.275165292524047
1,13.424754805980132
2,13.542634600126727
3,13.593038690779736
4,13.541179880030096
5,13.469054248768405
-1,13.969108803131387
