time/10,tput
0,8.2573922666569
1,6.67550011193203
2,6.62736842184702
3,6.651079889632425
4,6.6728334814914225
5,8.547806523198206
-1,7.292159802530343
