time/10,tput
0,14.821494530525301
1,13.34190710855688
2,13.411569357508775
3,13.570602071884787
4,13.565617178311948
5,14.247759961760538
-1,13.873621186130315
