time/10,tput
0,17.610415916879436
1,17.44651620260879
2,17.581616930711355
3,17.554238822017656
4,17.7618820541511
5,17.556687851855873
-1,17.585567881814296
