time/10,tput
0,14.898902377883251
1,13.396721331013135
2,13.49533810725603
3,13.612361762321271
4,13.511696798298871
5,14.16256545408959
-1,13.897284380051133
