time/10,tput
0,17.41478542527373
1,17.372065060137604
2,17.513764532120167
3,17.647287074063442
4,17.798027252466756
5,17.608728826687138
-1,17.558305679735547
