time/10,tput
0,7.5828245382402795
1,6.7040985396644635
2,6.621531071718535
3,6.624353596102928
4,6.696501275802661
5,9.252933030891258
-1,7.337727810152616
