time/10,tput
0,12.694041436009593
1,6.708520896608081
2,6.631297527485286
3,6.655993014932704
4,6.6463698694383515
5,6.942070025934524
-1,7.720364099442896
