time/10,tput
0,17.388354709534863
1,17.460807200558097
2,17.401447073373852
3,17.560369779533833
4,17.353928947726978
5,17.485969297964026
-1,17.44533934248201
