time/10,tput
0,17.428796434777144
1,17.367204696807832
2,17.389255843992302
3,17.54855641597075
4,17.447258107597342
5,17.482523745165174
-1,17.447364588446675
