time/10,tput
0,17.37741679585675
1,17.40264972917304
2,17.253072904037513
3,17.42986587372996
4,17.345055228164433
5,17.157009956398543
-1,17.33201579130373
