time/10,tput
0,16.192837292902585
1,13.4430870435379
2,13.55499350879157
3,13.581872719887274
4,13.446216787058962
5,13.39715051699252
-1,13.931693009350713
