time/10,tput
0,9.911290327486341
1,6.71964628901168
2,6.630384585066155
3,6.656548931461593
4,6.663974091213693
5,7.855513745358467
-1,7.435957016595418
