time/10,tput
0,14.836136370909335
1,13.372253151136793
2,13.548232962820826
3,13.65561822497387
4,13.604215296936411
5,14.31660652068359
-1,13.932758072641876
