time/10,tput
0,7.785646973111584
1,6.662122210943188
2,6.609354560628127
3,6.659304185165467
4,6.69342355764364
5,8.798772372819764
-1,7.273121720922326
