time/10,tput
0,17.41591389040256
1,17.36149000590564
2,17.387002147380564
3,17.50914273505214
4,17.382837246512114
5,17.512932295633625
-1,17.433501609976105
