time/10,tput
0,6.817378676493192
1,6.650138830914328
2,6.6855146523698945
3,6.675014275520878
4,6.71907070240287
5,12.399774727145623
-1,7.753698451383135
