time/10,tput
0,6.825770488032712
1,6.633535651601719
2,6.66331707882675
3,6.658561160502348
4,6.720805993372995
5,12.476688666723811
-1,7.74917861251071
