time/10,tput
0,14.4743828204744
1,13.429241925512065
2,13.513392968401387
3,13.660455619336771
4,13.48334923846351
5,14.55759756239414
-1,13.908618401172845
