time/10,tput
0,17.525046788021022
1,17.522859884725683
2,17.61119837865116
3,17.4128548535749
4,17.592278245866147
5,17.74943681458583
-1,17.571975743691905
