time/10,tput
0,16.296491496128798
1,13.454622330183852
2,13.495483813028343
3,13.635630121239767
4,13.478370293948284
5,13.414492168836981
-1,13.95670704001646
