time/10,tput
0,15.194366464784292
1,7.15292661488706
2,6.693980482533938
3,6.656887004383925
4,6.601910806403115
5,6.718672155380058
-1,8.145958065871216
