time/10,tput
0,17.468339367896377
1,17.339071677228254
2,17.47310902624978
3,17.56453092954943
4,17.355444759717177
5,17.32837051811956
-1,17.41328187328756
