time/10,tput
0,6.8807155429311235
1,6.629945805033258
2,6.633764119758102
3,6.656870604531787
4,6.683905130998475
5,12.185297067182706
-1,7.731118710988454
