time/10,tput
0,14.420679975183612
1,13.371061114911358
2,13.494962438895564
3,13.612912882279147
4,13.468165221970763
5,14.52624740686336
-1,13.866584616150316
