time/10,tput
0,17.40336314970099
1,17.36590170381738
2,17.424962598216773
3,17.548980918676595
4,17.449035369706124
5,17.231454675512538
-1,17.408135480809573
