time/10,tput
0,6.661312080348472
1,6.643690645252401
2,6.660508461267373
3,6.663452168195406
4,6.9758615097946155
5,13.776454284147896
-1,8.010660671959647
