time/10,tput
0,14.661984028218917
1,13.394497923738287
2,13.515316599284214
3,13.643164756498967
4,13.576875666526192
5,14.331895626800698
-1,13.899269022292854
