time/10,tput
0,13.496815896194152
1,13.484071367167733
2,13.474162259189026
3,13.610699320869223
4,13.573612983659539
5,15.665812235085628
-1,13.939353394448188
