time/10,tput
0,9.158565625660486
1,6.699122980015677
2,6.642965704515284
3,6.663609542367045
4,6.629850391751363
5,8.045230414589401
-1,7.336801228115448
