time/10,tput
0,17.75311299945351
1,17.466701152542626
2,17.547602823428825
3,17.48364643056955
4,17.48365434318163
5,17.571489245876595
-1,17.553356866163167
