time/10,tput
0,6.672982108719709
1,6.6375368232260055
2,6.646952322020148
3,6.6565639106448105
4,6.937457908173693
5,13.787979620389958
-1,7.992363175338065
