time/10,tput
0,7.629429436637033
1,6.6900718490559425
2,6.6134579638432704
3,6.634646195202379
4,6.6855289669436955
5,9.159479991129064
-1,7.325127532692707
