time/10,tput
0,17.323634906257325
1,17.50405393789786
2,17.38627644886035
3,17.56293793590767
4,17.47163501942128
5,17.623910897233138
-1,17.480664274265372
