time/10,tput
0,6.818268476255269
1,6.631838527316445
2,6.649838421854645
3,6.639755158847058
4,6.739070620431955
5,12.534187732653638
-1,7.7486720121814905
