time/10,tput
0,13.741234108757395
1,13.432022368333781
2,13.407028643699569
3,13.48814261449619
4,13.531958282712322
5,15.426503957917625
-1,13.888817354658899
