time/10,tput
0,12.91602666039286
1,6.734083336481432
2,6.623118650529499
3,6.64675737375824
4,6.676048824241719
5,6.884947941984269
-1,7.762304769318182
