time/10,tput
0,17.67870069069855
1,17.920243180383327
2,17.71660535743406
3,17.645304362516892
4,17.70502579525111
5,17.711815151067203
-1,17.73108096806726
