time/10,tput
0,17.43228169950421
1,17.363644554587857
2,17.376751889413015
3,17.432693648891263
4,17.468191787058434
5,17.304827869566914
-1,17.4003336803933
