time/10,tput
0,16.08479303400587
1,13.511321707401784
2,13.480111046028794
3,13.526522829332603
4,13.471983581355007
5,13.382882383487003
-1,13.938038043600693
