time/10,tput
0,17.460529325295024
1,17.406892739004846
2,17.31695482902005
3,17.531797231192357
4,17.583367440624077
5,17.428783191773764
-1,17.45852706824128
