time/10,tput
0,13.440404426231819
1,13.390945643938492
2,13.451300457072083
3,13.562709133496233
4,13.592027495850255
5,15.592746961278568
-1,13.896725378498804
