time/10,tput
0,6.675654884074496
1,6.624777424385113
2,6.659302922719196
3,6.6682108062849075
4,6.887263427073456
5,13.651187685177694
-1,7.977615563296036
