time/10,tput
0,6.774412376120991
1,6.6316507244888045
2,6.661837458376905
3,6.654427771653816
4,6.757903439868811
5,12.783909412724578
-1,7.8154991512472405
