time/10,tput
0,9.191206970908292
1,6.65969888089772
2,6.621491910762261
3,6.6956902611260505
4,6.641656469278509
5,8.057518783600504
-1,7.340766592806932
