time/10,tput
0,11.485069943580537
1,6.736877909032144
2,6.632593288938773
3,6.668297516475432
4,6.671344880858518
5,7.244516449580614
-1,7.599929567693799
