time/10,tput
0,15.451041724770933
1,7.225352735531876
2,6.688712141239801
3,6.650310685283448
4,6.608265209550854
5,6.718211621801277
-1,8.196730170805749
