time/10,tput
0,14.74634813741527
1,13.435440245418011
2,13.468623977179854
3,13.681330610335289
4,13.55916414129343
5,14.274389979354467
-1,13.910459776269503
