time/10,tput
0,11.488965202255896
1,6.715404998511587
2,6.6334229109494505
3,6.637824989758695
4,6.6705700322651715
5,7.180440452979226
-1,7.57913754683988
