time/10,tput
0,17.406155501172492
1,17.33485353094287
2,17.465470095236128
3,17.438716128352002
4,17.51577377639675
5,17.45600066551307
-1,17.439555091953363
