time/10,tput
0,13.493815300337465
1,13.394620824023251
2,13.451708531091949
3,13.50705251582894
4,13.49824606320752
5,15.85623029842492
-1,13.925208687517713
