time/10,tput
0,8.092136017971246
1,6.674082282825842
2,6.635671558088438
3,6.654479929316519
4,6.696257775253011
5,8.662727978724845
-1,7.2926636829837745
