time/10,tput
0,17.44140669321757
1,17.426649675678167
2,17.355891754016216
3,17.506224524942258
4,17.774590195938384
5,17.63825460322185
-1,17.52820325164875
