time/10,tput
0,17.362713439758792
1,17.33043043059207
2,17.347519904182388
3,17.40742816307065
4,17.349504770152294
5,17.38620106584356
-1,17.3670136102801
