time/10,tput
0,12.84136552119761
1,6.703478819311291
2,6.6352507214714205
3,6.6622803120341745
4,6.656352631554388
5,6.961999929147257
-1,7.76028054640429
