time/10,tput
0,6.686901382979736
1,6.642907760059105
2,6.629950497560597
3,6.673900163269502
4,6.9653871587764
5,13.75186670913455
-1,7.998265064292118
