time/10,tput
0,15.974588001712554
1,13.374509598665055
2,13.514266346773745
3,13.537596012035584
4,13.460743307046782
5,13.43545905428997
-1,13.913729824502493
