time/10,tput
0,13.542519818587678
1,13.438899732008093
2,13.472378807106479
3,13.511498688822266
4,13.62094061966002
5,15.658776796458051
-1,13.928473438258823
