time/10,tput
0,6.692870551029457
1,6.6436146258434325
2,6.659612394183662
3,6.6738437383393485
4,6.928340972566816
5,13.67507137579151
-1,7.993386440607552
