time/10,tput
0,13.865068773810183
1,6.83759831439072
2,6.678415981369721
3,6.659470832274938
4,6.619589028124112
5,6.771335948253907
-1,7.900116460269317
