time/10,tput
0,13.536740794082446
1,6.7897552382943465
2,6.662584373685574
3,6.650109087790564
4,6.6400488524429955
5,6.778719853327569
-1,7.8543842039819625
