time/10,tput
0,14.676511235958667
1,13.43082951675479
2,13.506222601924476
3,13.594372065626441
4,13.553590557045643
5,14.328360996259628
-1,13.89675985665211
