time/10,tput
0,14.238987610522491
1,6.913475081245929
2,6.702297209000277
3,6.67971942733588
4,6.628830110603647
5,6.765626206081781
-1,7.979424363869737
