time/10,tput
0,14.979517334028692
1,13.37431641364447
2,13.526181233812252
3,13.597183181651465
4,13.530349557321765
5,14.08987409889786
-1,13.898400182784584
