time/10,tput
0,14.705223743588702
1,13.375387753800432
2,13.485184091251062
3,13.623254731311233
4,13.47618576496331
5,14.377279785662811
-1,13.89066672247767
