time/10,tput
0,13.554464630157653
1,13.416339480651214
2,13.44424408717186
3,13.541263457694406
4,13.519553207151072
5,15.66531359341778
-1,13.90674031077836
