time/10,tput
0,17.175383734278622
1,17.63305851126178
2,17.630160788413153
3,17.407721690163825
4,17.6550242023231
5,17.660327354336257
-1,17.53081651926987
