time/10,tput
0,14.45090013080499
1,6.987936769729875
2,6.660928876690468
3,6.6701476073643775
4,6.618850162300792
5,6.693825178385332
-1,8.002895474496007
