time/10,tput
0,14.737290242290667
1,13.350335196216792
2,13.454253081109302
3,13.713510118836263
4,13.492619486597038
5,14.221741334356022
-1,13.876277365239144
