time/10,tput
0,7.890281961539955
1,6.711258756427004
2,6.637188015278422
3,6.655143868530045
4,6.666197485598752
5,8.867473698590887
-1,7.303652144305403
