time/10,tput
0,17.587462817411954
1,17.676436918626848
2,17.523244643624256
3,17.53633734040709
4,17.687904863372175
5,17.34765927948571
-1,17.562661883976872
