time/10,tput
0,17.328087863588916
1,17.409691591504288
2,17.416723450711494
3,17.54363828494203
4,17.703193259249804
5,17.556409765325753
-1,17.496825914948275
