time/10,tput
0,6.668629187939825
1,6.6076046865969875
2,6.652369221371666
3,6.673887483426804
4,6.942598275467053
5,13.7654847446884
-1,7.980020745679712
