time/10,tput
0,17.508652284840597
1,17.34326302648418
2,17.52734451878646
3,17.506232412929737
4,17.633198815370392
5,17.36206370139175
-1,17.47927496128307
