time/10,tput
0,17.56514697571024
1,17.5878948367084
2,17.66185543121727
3,17.57783358635784
4,17.673316658717873
5,17.516233037587515
-1,17.598423938925126
