time/10,tput
0,14.833128094090469
1,13.429964959247675
2,13.52155519610824
3,13.682874484564264
4,13.435034114147113
5,14.171638504598713
-1,13.893023908855865
