time/10,tput
0,7.636678787500455
1,6.6731251964109575
2,6.613867946211916
3,6.639549651536209
4,6.696189164272519
5,9.170784182965093
-1,7.326044475064183
