time/10,tput
0,6.762018075882594
1,6.62781764664456
2,6.6321204080229155
3,6.648174467923531
4,6.732346586386922
5,12.780532278377217
-1,7.783542021960495
