time/10,tput
0,7.424176402733098
1,6.6566148403720184
2,6.6646987247920695
3,6.639822618218568
4,6.675761294085622
5,9.666694267860821
-1,7.392582768805235
