time/10,tput
0,14.733268120813763
1,13.41474323605998
2,13.467094060545088
3,13.604906198018535
4,13.539490546608432
5,14.291712497916834
-1,13.889779919121414
