time/10,tput
0,6.677832127659448
1,6.631306916373878
2,6.646365468026095
3,6.659943675726781
4,6.968677781279507
5,13.964486031627139
-1,8.030285578950785
