time/10,tput
0,13.283621537975398
1,6.732679529179994
2,6.675364375058554
3,6.649982879188121
4,6.62259561584075
5,6.851947705604616
-1,7.809256484356067
