time/10,tput
0,7.831203920333345
1,6.688449944746542
2,6.628570555153438
3,6.629546182493249
4,6.689920866979928
5,8.939303248085599
-1,7.304271873504567
