time/10,tput
0,16.749067994872618
1,13.348377285415824
2,13.630721694755525
3,13.556472140013883
4,13.548438908684682
5,13.478259927776007
-1,14.045313005718533
