time/10,tput
0,15.289098285140664
1,7.2432360721370825
2,6.675931620597632
3,6.642137932777024
4,6.611431523691846
5,6.70539365706407
-1,8.17040497315628
