time/10,tput
0,15.166783530243023
1,7.126176867343852
2,6.660748579386003
3,6.6637332664379345
4,6.615578310768114
5,6.699352479507634
-1,8.145069567724597
