time/10,tput
0,14.836098332871835
1,7.085401819143222
2,6.672175196354504
3,6.654621121533003
4,6.6262039096292025
5,6.7494909472333475
-1,8.089757804778662
