time/10,tput
0,6.692618866836021
1,6.6211739596683294
2,6.659068905010207
3,6.66906724738026
4,6.9427780430966815
5,13.777684003342365
-1,7.997627649335319
