time/10,tput
0,7.657365041426316
1,6.669935465115824
2,6.612333341560954
3,6.631493291314282
4,6.680990820799746
5,9.172645235443474
-1,7.324790695961034
