time/10,tput
0,17.526278383342316
1,17.32654720880514
2,17.65232072442652
3,17.588884664132415
4,17.60705959808787
5,17.639786407011723
-1,17.56159994700618
