time/10,tput
0,6.705601281738015
1,6.641079024927397
2,6.655993014932704
3,6.644948516365107
4,6.896400451691426
5,13.625430377320699
-1,7.9481228668408574
