time/10,tput
0,16.14381021789385
1,13.532006113803766
2,13.468737068984792
3,13.552998673247941
4,13.580290255808066
5,13.364402412473641
-1,13.949998492384372
