time/10,tput
0,16.04334935530977
1,13.42325488642989
2,13.48501452143564
3,13.547553707643242
4,13.385181310316455
5,13.342071486609376
-1,13.894785212896165
