time/10,tput
0,17.319638818974507
1,17.4562547331156
2,17.338678687623897
3,17.674521677022767
4,17.62707944373034
5,17.471288597365604
-1,17.484125100870276
