time/10,tput
0,13.560232666518392
1,13.408630355787572
2,13.415959615010077
3,13.445858535713242
4,13.561657306392704
5,15.88090756502232
-1,13.925737276338916
