time/10,tput
0,17.5352097132183
1,17.376775886395844
2,17.37554467847337
3,17.5458291881918
4,17.783639728485028
5,17.763822282238696
-1,17.56834355157221
