time/10,tput
0,17.329897505757586
1,17.4326104294056
2,17.382932888048582
3,17.422717115957575
4,17.35760936736281
5,17.405849231475823
-1,17.390142640851145
