time/10,tput
0,14.893387197515533
1,13.375709571305828
2,13.487255563741737
3,13.687247373101867
4,13.539135441662507
5,14.16594172169786
-1,13.907197836738364
