time/10,tput
0,9.77785199626072
1,6.69909615075309
2,6.625577130210157
3,6.670509546857279
4,6.635189151565652
5,7.845753743787032
-1,7.409746547110443
