time/10,tput
0,17.507169058186776
1,17.322227843003287
2,17.429643614971162
3,17.43691925113021
4,17.499768439019117
5,17.279508746015594
-1,17.416551760647305
