time/10,tput
0,17.433190498173573
1,17.38704232766442
2,17.359843887952493
3,17.35262258225371
4,17.72121685927198
5,17.3348094740491
-1,17.435115056736056
