time/10,tput
0,17.434508942213288
1,17.334205052548032
2,17.456009383396506
3,17.496928456205772
4,17.441953775459588
5,17.430896533119036
-1,17.434219788136822
