time/10,tput
0,14.08420726197319
1,6.812858902360479
2,6.665933098236575
3,6.661468248089101
4,6.636283480193819
5,6.788846962718652
-1,7.941733221508771
