time/10,tput
0,17.421958688158814
1,17.298717744029375
2,17.358494105961636
3,17.49008258261532
4,17.34476790687613
5,17.329650601886954
-1,17.376719986955546
