time/10,tput
0,14.33027939475984
1,6.948885983171131
2,6.6623997220277635
3,6.649151469931923
4,6.612506670606616
5,6.743353026816475
-1,7.982312989386707
