time/10,tput
0,6.826955889869655
1,6.622823487107207
2,6.645908067321249
3,6.653826993242616
4,6.7298852619701455
5,12.646320051273143
-1,7.7665494345262
