time/10,tput
0,17.490322639525044
1,17.630586593472326
2,17.406084917847313
3,17.637605081396877
4,17.63945278221125
5,17.591863199566088
-1,17.567752815243736
