time/10,tput
0,15.076719190586086
1,7.124208602491565
2,6.706550496752958
3,6.681721384248051
4,6.6196197463117645
5,6.729033891920568
-1,8.145958451502315
