time/10,tput
0,14.869948501950079
1,13.41963265686482
2,13.58608159208464
3,13.601114675725814
4,13.50226408516615
5,14.184206418796286
-1,13.90507991389744
