time/10,tput
0,8.494619668162905
1,6.666275604060308
2,6.621947048952525
3,6.642633440542212
4,6.687231725085455
5,8.468490574181144
-1,7.310105603667726
