time/10,tput
0,17.481770927112862
1,17.340564705785074
2,17.422591395988068
3,17.468065409956694
4,17.497488620722372
5,17.445739115463052
-1,17.446151578490042
