time/10,tput
0,6.875253340683231
1,6.630584675526059
2,6.663461016345184
3,6.65988212020766
4,6.7091511767121315
5,12.25826151129692
-1,7.731613609366858
