time/10,tput
0,6.699452773923792
1,6.628740202047307
2,6.643882272143387
3,6.668393723121426
4,6.930622949104593
5,13.726892088359213
-1,7.981198745525974
