time/10,tput
0,15.979586548165386
1,13.35686434024944
2,13.455727321207318
3,13.539451660905257
4,13.484068243468242
5,13.435558519030833
-1,13.89796849190311
