time/10,tput
0,7.991811559158449
1,6.689333726161196
2,6.624541298180016
3,6.666096914728734
4,6.662958605056395
5,8.742286540341029
-1,7.302793748849947
