time/10,tput
0,17.71764300938412
1,17.649007155130043
2,17.6759945868574
3,17.5135347554805
4,17.584559913337507
5,17.45089389793402
-1,17.59754045533894
