time/10,tput
0,7.724330619283352
1,6.686587301825243
2,6.617469382311149
3,6.6484258089026165
4,6.6554334083098246
5,9.05370747918419
-1,7.306264040729707
