time/10,tput
0,9.495124958652966
1,6.657539279401882
2,6.629760611925127
3,6.687616688011303
4,6.647983379708464
5,7.983195582514177
-1,7.375306105966976
