time/10,tput
0,17.50324378978329
1,17.35125618425183
2,17.324269845405922
3,17.48019679757999
4,17.338389929887047
5,17.366524867951295
-1,17.396354551803427
