time/10,tput
0,6.730516545373689
1,6.625312362470393
2,6.666304543145429
3,6.669828765831708
4,6.740915513208688
5,12.78084931285941
-1,7.798291245471927
