time/10,tput
0,6.674551496487456
1,6.641345054359992
2,6.6619549573179135
3,6.662138004920604
4,6.937592000669937
5,13.829513828309848
-1,7.996880169419028
