time/10,tput
0,7.529700778542277
1,6.675556247719829
2,6.633645734019571
3,6.624186047410656
4,6.684462062995581
5,9.45100390455688
-1,7.370598033837391
