time/10,tput
0,15.33776878941503
1,7.195156573040885
2,6.693660634008295
3,6.677271540087813
4,6.642619152052521
5,6.698311170563014
-1,8.18785544190731
