time/10,tput
0,12.271573208500435
1,6.688700997072564
2,6.625797708048238
3,6.66178976509694
4,6.6591716309205085
5,6.99125256673218
-1,7.670528911853868
