time/10,tput
0,7.776319911288511
1,6.675612543031429
2,6.618190171414758
3,6.6403967058696205
4,6.699809801508396
5,8.987441207666842
-1,7.292386248076717
