time/10,tput
0,6.748866958885301
1,6.639989703726721
2,6.656303913129779
3,6.695224291792825
4,6.781946196065533
5,13.12948624607854
-1,7.894554187324994
