time/10,tput
0,13.692358246760865
1,6.7620775545961935
2,6.660958085140964
3,6.651148208995997
4,6.596296025181172
5,6.8278547961209
-1,7.871095176085001
