time/10,tput
0,16.63004547492687
1,13.433103254428577
2,13.627129382560607
3,13.508413219630574
4,13.42410807772877
5,13.454093878670589
-1,14.007848548347294
