time/10,tput
0,6.6669536037167
1,6.6339583065739856
2,6.6552885564630335
3,6.666451614510232
4,6.949342566892752
5,13.838712540375889
-1,8.009620848815203
