time/10,tput
0,7.872578047870166
1,6.6861283254444155
2,6.637820286077969
3,6.67736324596539
4,6.693424195351752
5,8.691024277243201
-1,7.287063372093774
