time/10,tput
0,13.993155952302251
1,6.816602620253961
2,6.651132939339029
3,6.640063286772441
4,6.6203297745300755
5,6.79744279742478
-1,7.918915399710035
