time/10,tput
0,6.757115083601251
1,6.622614968681439
2,6.657275578364539
3,6.668683625721363
4,6.7578730165357
5,13.042419435165693
-1,7.848386791716349
