time/10,tput
0,14.423719734185273
1,13.350383081067967
2,13.446532268400393
3,13.705503903452687
4,13.557226720591483
5,14.62294711672747
-1,13.89907555122233
