time/10,tput
0,14.63709332751486
1,13.363909862753056
2,13.453537978417593
3,13.654137273612474
4,13.566337286161012
5,14.387045737044687
-1,13.893078067781884
