time/10,tput
0,17.614363609082467
1,17.573733488264576
2,17.546542980630544
3,17.49744649243402
4,17.715825516706754
5,17.449060672900835
-1,17.5692499141572
