time/10,tput
0,14.671976946040456
1,13.473706653366612
2,13.497526276481453
3,13.616400258243049
4,13.515554850006279
5,14.279628321650444
-1,13.892932306342868
