time/10,tput
0,7.600846407135388
1,6.69321200468437
2,6.6220899849273644
3,6.648720270067088
4,6.691866636814796
5,9.246370528905205
-1,7.342805830951147
