time/10,tput
0,15.437515182435543
1,7.202413003496597
2,6.672991140651665
3,6.66203234463698
4,6.618507056610208
5,6.7102406380186
-1,8.201642154036389
