time/10,tput
0,9.795931724799674
1,6.660188172857227
2,6.623767290821253
3,6.687252253200897
4,6.633635712140462
5,7.876226935919915
-1,7.416925931731309
