time/10,tput
0,17.610872518530346
1,17.61757805653283
2,17.54922182298519
3,17.59395791602558
4,17.708948655238164
5,17.70975939755525
-1,17.631680053581334
