time/10,tput
0,14.79178341153274
1,13.462939477156818
2,13.533966837512752
3,13.648570680575792
4,13.478064224763513
5,14.26083722082124
-1,13.912061072977728
