time/10,tput
0,9.141627073580562
1,6.671409499295251
2,6.619629569954782
3,6.68450260834365
4,6.637079539561329
5,8.082927258213529
-1,7.336859152331889
