time/10,tput
0,14.67450550694976
1,13.358778066396203
2,13.487389529519328
3,13.693846051592196
4,13.549699820023134
5,14.389749504668702
-1,13.913386735333303
