time/10,tput
0,14.924818385170564
1,13.365928911651444
2,13.507259450517653
3,13.523787341918123
4,13.545862140263688
5,14.245730553507066
-1,13.893830095624411
