time/10,tput
0,14.830188605816137
1,7.061109808572324
2,6.69690214883109
3,6.670283607142842
4,6.6069253449776895
5,6.708474821686454
-1,8.081114399350978
