time/10,tput
0,17.434138316719906
1,17.297235694626306
2,17.452000076084683
3,17.572045547029365
4,17.28390537518886
5,17.50216398558862
-1,17.428595744446863
