time/10,tput
0,7.392170431849352
1,6.631978603850658
2,6.6635880530861185
3,6.68333096657409
4,6.662704110513048
5,9.970199014899732
-1,7.438724150301561
