time/10,tput
0,6.665326762652009
1,6.618795287942467
2,6.6659610856191005
3,6.661268657859164
4,6.965105755156866
5,13.825296728639637
-1,7.9985699630728675
