time/10,tput
0,14.720802976786734
1,13.393360963635565
2,13.477861790414124
3,13.699598108260808
4,13.523061805683326
5,14.364297683971968
-1,13.910737619514013
