time/10,tput
0,14.297563386366708
1,6.942859967688884
2,6.639919573855606
3,6.658373261019438
4,6.607806667367848
5,6.7575274907437
-1,7.969394171150347
