time/10,tput
0,17.4782546100541
1,17.367393983858612
2,17.448281285226237
3,17.38495278499237
4,17.467240677989658
5,17.420208849356314
-1,17.426811741649033
