time/10,tput
0,13.57950789040529
1,13.525981416449737
2,13.486488765289367
3,13.543461277583605
4,13.504416652402906
5,15.725228098254789
-1,13.944803054961074
