time/10,tput
0,16.5183389990774
1,13.346435159173442
2,13.599229627380499
3,13.558258524774418
4,13.560185280383479
5,13.423018774317516
-1,13.985224894833376
