time/10,tput
0,7.7841222097508185
1,6.668144825771222
2,6.635021367622268
3,6.666844469197407
4,6.681499926746065
5,8.84039824070671
-1,7.287299715490562
