time/10,tput
0,7.441510137391239
1,6.640263020403391
2,6.667524008338843
3,6.6451713287497105
4,6.6620917287785115
5,9.67820600135736
-1,7.393277883227879
