time/10,tput
0,17.42906336835507
1,17.42067108357075
2,17.44422702103263
3,17.44076537765303
4,17.545218461406535
5,17.326905093497196
-1,17.43334293089097
