time/10,tput
0,17.389420751349636
1,17.307072625216616
2,17.44628688420729
3,17.605001583021078
4,17.374934103782515
5,17.427826438030408
-1,17.433409330585853
