time/10,tput
0,6.683676216413184
1,6.644506235627023
2,6.667527488644413
3,6.666770924036612
4,6.89161843423965
5,13.599005600209813
-1,7.982495165485691
