time/10,tput
0,14.647747233288614
1,13.362132536843792
2,13.50662363429098
3,13.618216426823063
4,13.46919426116278
5,14.384157996309245
-1,13.878269408101243
