time/10,tput
0,13.84212899124864
1,6.779972565627314
2,6.6579563229653065
3,6.66381369744877
4,6.607053963312604
5,6.759531647837317
-1,7.890262306677981
