time/10,tput
0,6.839762756234108
1,6.651518007973584
2,6.6672380029174025
3,6.654282963577499
4,6.720655544900067
5,12.384003236023794
-1,7.751418399151223
