time/10,tput
0,17.386110358574506
1,17.519740425964667
2,17.622165168461475
3,17.383479017243733
4,17.50499408593838
5,17.395139750415442
-1,17.47412345012609
