time/10,tput
0,6.716857291022467
1,6.625630867367124
2,6.647781766028422
3,6.6742950059799915
4,6.889253281028958
5,13.542316946172276
-1,7.946207563332408
