time/10,tput
0,14.469137503680486
1,13.360722513958487
2,13.457807345197532
3,13.64284375045333
4,13.567783862818104
5,14.574155161696153
-1,13.900514492237969
