time/10,tput
0,16.490691623817394
1,13.438918869526573
2,13.549252134227123
3,13.49404329748981
4,13.48489601778937
5,13.47985303337678
-1,13.978741937989357
