time/10,tput
0,7.85226658442582
1,6.673897151802498
2,6.620995652080797
3,6.632507035190302
4,6.686148687705435
5,8.838741466714735
-1,7.27560092504986
