time/10,tput
0,7.728738785639902
1,6.692016591210975
2,6.650440998363318
3,6.640688886975845
4,6.67638443957673
5,8.973474543230692
-1,7.3074251915236585
