time/10,tput
0,13.77235451118088
1,6.794797674710084
2,6.65490320874669
3,6.663563561795236
4,6.614232677121163
5,6.757988946913972
-1,7.873598815219154
