time/10,tput
0,17.748382355573657
1,17.597011577761926
2,17.755210921964682
3,17.661799126744768
4,17.526178101709537
5,17.774287631463075
-1,17.68000765853662
