time/10,tput
0,13.537009700625863
1,13.39320968141853
2,13.467410842636008
3,13.609234542258296
4,13.608025305988342
5,15.552525962555125
-1,13.910085604764296
