time/10,tput
0,16.71948917703476
1,17.765114453153146
2,17.937992674258645
-1,17.494644097593493
