time/10,tput
0,6.975755932479158
1,7.0347652481979
2,7.037347981695062
-1,7.018746173346041
