time/10,tput
0,7.014126655854827
1,7.072984304962344
2,7.061330317925107
-1,7.051752641010417
