time/10,tput
0,13.0225709957449
1,13.820509820245835
2,13.862182186630074
-1,13.57571931588354
