time/10,tput
0,7.020616045325467
1,7.059762439027154
2,7.063052003309769
-1,7.0499584728639295
