time/10,tput
0,7.02005814523636
1,7.04748325269036
2,7.063497466970425
-1,7.045497957839132
