time/10,tput
0,6.9870502394565435
1,7.047642032978105
2,7.0361308550726935
-1,7.026633987126503
