time/10,tput
0,13.01532737483657
1,13.940461857453036
2,13.905808403850575
-1,13.63143407849392
