time/10,tput
0,16.78056212399496
1,17.852138540108285
2,17.94717946827169
-1,17.54654652573936
