time/10,tput
0,16.75163784440567
1,17.84511938584567
2,18.119566877397652
-1,17.58310509657755
