time/10,tput
0,6.9977731876674705
1,7.047403364893926
2,7.048994123447186
-1,7.0338311050599716
