time/10,tput
0,16.819877180082717
1,17.80970995627896
2,17.89874325278093
-1,17.52886575001133
