time/10,tput
0,16.76984645104888
1,17.71485827327744
2,17.987080174340907
-1,17.510857866833994
