time/10,tput
0,6.963055318434831
1,7.02154486180579
2,7.03906281596329
-1,7.010624801532913
