time/10,tput
0,12.988337355578285
1,13.883477079263553
2,13.902051007614938
-1,13.605949745173863
