time/10,tput
0,5.6992541502468415
1,5.653886689100558
2,5.724916352955194
-1,5.6953457365022135
