time/10,tput
0,11.445748790679401
1,11.242479345853264
2,11.56833446237348
-1,11.46857085761198
