time/10,tput
0,5.697659293001229
1,5.649993903946761
2,5.725249953183826
-1,5.694550600115147
