time/10,tput
0,16.59454326770906
1,16.69003962560014
2,16.634837632567727
-1,16.64813991212533
