time/10,tput
0,5.705281641922831
1,5.653483318942381
2,5.7265738238566595
-1,5.696986119889116
