time/10,tput
0,16.593967022821165
1,16.662246499155824
2,16.634219928385633
-1,16.639525986280702
