time/10,tput
0,11.431316232591264
1,11.23175210140789
2,11.574197260978513
-1,11.464372613168157
