time/10,tput
0,5.690100702089513
1,5.641763971573619
2,5.725596798518775
-1,5.691153818659547
