time/10,tput
0,16.451747392161156
1,16.573332066984158
2,16.734970956530375
-1,16.56005478722556
