time/10,tput
0,11.508367492765156
1,11.276597245125789
2,11.577965366663253
-1,11.475243933203032
