time/10,tput
0,5.693415175195962
1,5.647685139699904
2,5.725511498158711
-1,5.6933073367794025
