time/10,tput
0,11.351712438430429
1,11.232356070229166
2,11.573528507141967
-1,11.43777120700042
