time/10,tput
0,5.714951229617301
1,5.65366367190213
2,5.726041668284894
-1,5.699970496338469
