time/10,tput
0,5.738205754438153
1,5.66286729829194
2,5.7256524539943
-1,5.713595574493781
