time/10,tput
0,5.79398955141587
1,5.654958031907473
2,5.724969165910008
-1,5.7265688028017045
