time/10,tput
0,5.719680720623963
1,5.654298809137599
2,5.725671724786429
-1,5.701641438813727
