time/10,tput
0,17.55025445102062
1,17.677591462543475
2,17.609099298863583
-1,17.61354268455153
