time/10,tput
0,17.551536330495356
1,17.676490370301796
2,17.639955738999813
-1,17.625621928166208
