time/10,tput
0,17.42101715511758
1,17.706408529970776
2,17.599198568600034
-1,17.589332625650375
