time/10,tput
0,17.377847543368308
1,17.488438619946148
2,17.664196166108567
-1,17.52341439556879
