time/10,tput
0,17.37787816408122
1,17.557434887668663
2,17.5214345522481
-1,17.500077353559462
