time/10,tput
0,17.639608276622145
1,17.719510921008766
2,17.385909480548566
-1,17.580102439609707
