time/10,tput
0,17.65657109839045
1,17.708060704532073
2,17.691288283629177
-1,17.682215222544627
