time/10,tput
0,17.698145922346527
1,17.59105957467667
2,17.611017483018134
-1,17.63571228599238
