time/10,tput
0,17.441466787695028
1,17.52068475491631
2,17.53736553621389
-1,17.509344306344474
