time/10,tput
0,17.55023692662217
1,17.508369073778294
2,17.511127657097845
-1,17.528024818875394
