time/10,tput
0,17.595681525573152
1,17.5871028873775
2,17.606494629426276
-1,17.59867820522852
