time/10,tput
0,17.606915533898725
1,17.684386670046365
2,17.42050528833445
-1,17.580093921823508
