time/10,tput
0,17.403900007300596
1,17.41982973638359
2,17.516486992350877
-1,17.45020747513402
