time/10,tput
0,17.521318106966845
1,17.586955399930673
2,17.650635247999034
-1,17.584007762949923
