time/10,tput
0,17.39918900932042
1,17.569258539320415
2,17.528315056168324
-1,17.498447479558344
