time/10,tput
0,2.3484592001469595
1,2.3166269708548826
2,2.3229847359561755
3,2.3173577627239634
4,2.3013197680164565
-1,2.4252930235718986
