time/10,tput
0,3.0413835746127273
1,3.0374130425585677
2,3.048381001110536
3,3.0365379166769033
4,3.042328266530888
5,4.586850123569759
-1,3.308433853366782
