time/10,tput
0,7.940848902375675
1,3.030038773780587
2,3.035920588554283
3,3.055704888630104
4,3.0296582967705863
-1,3.879444866277058
