time/10,tput
0,6.346622328771288
1,5.993612135656163
2,6.011188052456697
3,5.997970647777018
4,5.969630673308882
5,5.998254282712243
-1,6.060960900391251
