time/10,tput
0,2.4708524751611316
1,2.3175797634253543
2,2.322075166890516
3,2.3198815032450546
4,2.3032658902295666
-1,2.389388761940313
