time/10,tput
0,2.466199058100191
1,2.3176382450927875
2,2.32117985125981
3,2.3176626844741874
4,2.303128718280823
-1,2.375577822314838
