time/10,tput
0,2.6511352307076397
1,2.3184718228642343
2,2.321351032797891
3,2.3205294525159053
4,2.3074286983523145
-1,2.3920258116816706
