time/10,tput
0,4.236174645745618
1,2.311519634092866
2,2.320028163933916
3,2.3092577050886796
4,2.3152663980285046
-1,2.6348965887196734
