time/10,tput
0,16.454643555640178
1,16.407535724362567
2,16.56986549448838
3,16.369570962447426
4,16.438995523114745
5,16.493704716039332
-1,16.44155504757545
