time/10,tput
0,2.40695807226847
1,2.3153391949411057
2,2.325260973470302
3,2.325671352735611
4,2.3022940238763354
-1,2.408690590896504
