time/10,tput
0,16.413530755132523
1,16.406756217483753
2,16.563058448035793
3,16.419185412527728
4,16.372993545235634
5,16.44684141865346
-1,16.421292579270983
