time/10,tput
0,2.8842434942926514
1,2.319767310022671
2,2.322522146009413
3,2.3051450453461637
4,2.3183804075126053
-1,2.430078258389796
