time/10,tput
0,3.1265286956342675
1,3.037853243356804
2,3.0443698786241082
3,3.0365234501620653
4,3.0408339663949686
5,3.6609332370070033
-1,3.1570438470594446
