time/10,tput
0,11.954545238622297
1,12.003727864738766
2,11.983580770023067
3,11.9212924863333
4,11.94078551236558
5,11.943634629673191
-1,11.995957564255155
