time/10,tput
0,2.313547549268951
1,2.316340816783694
2,2.322392047315816
3,2.3191054674173817
4,2.3049333369206013
-1,2.5058777423254766
