time/10,tput
0,2.42093641220879
1,2.3156587673604023
2,2.3238971638301704
3,2.3198322105968106
4,2.297756480666334
-1,2.376178728356458
