time/10,tput
0,2.30564562571664
1,2.315235672395357
2,2.3258193375356444
3,2.3225602460384294
4,2.2961183412764896
-1,2.5223276826532923
