time/10,tput
0,2.312376065031277
1,2.316314859582209
2,2.322346773388688
3,2.3167266722802373
4,2.297272720388436
-1,2.491324347402123
