time/10,tput
0,2.371834219824275
1,2.3154305836467453
2,2.322921856638231
3,2.3175322759215247
4,2.304409695885797
-1,2.4087788589492862
