time/10,tput
0,16.409400384344934
1,16.41780302820929
2,16.540930992937465
3,16.355165372862665
4,16.40304135250186
5,16.47037902758577
-1,16.417466127094762
