time/10,tput
0,2.692932943771984
1,2.3172886796189487
2,2.3201570888066483
3,2.318312117687359
4,2.297455344546169
5,2.4680971836803685
-1,2.401156718792056
