time/10,tput
0,11.268903043377382
1,3.0474452606923266
2,3.0343005788799244
3,3.0375884547017944
4,3.046520873167716
5,3.0434475693121548
-1,4.404590291153919
