time/10,tput
0,16.37894477976238
1,16.494877677398964
2,16.58082669554804
3,16.613591818143266
4,16.459437530020402
5,16.558571829541957
-1,16.50406955158523
