time/10,tput
0,12.197193452977784
1,12.002935228831275
2,11.996927476049716
3,11.936184459971384
4,11.897898523586038
5,11.997447938191783
-1,12.008610382205077
