time/10,tput
0,7.768646134907789
1,5.991431474076724
2,6.006063610823155
3,5.998354361924108
4,5.966323582880367
5,5.999453641274555
-1,6.284028891524914
