time/10,tput
0,2.3370901923132865
1,2.3166048457662543
2,2.3228413460620994
3,2.3187467531179684
4,2.298895470106278
-1,2.424104200590401
