time/10,tput
0,2.394441120394295
1,2.316765222244066
2,2.324096809384611
3,2.3211679155275653
4,2.299893238731961
-1,2.408136748325279
