time/10,tput
0,11.288798415630815
1,3.0443108591749932
2,3.034258447417233
3,3.0394140990504055
4,3.046190340508818
5,3.0405660270803425
-1,4.38827184732401
