time/10,tput
0,5.42305802148073
1,2.3136272573416936
2,2.307554904242931
3,2.3198707035919486
4,2.3211544277626253
-1,2.831548278232594
