time/10,tput
0,3.7804032654954476
1,2.3133075542576496
2,2.319951115303142
3,2.3081532212277747
4,2.309308244657898
-1,2.556414853572907
