time/10,tput
0,11.709811393929941
1,3.0459787544711303
2,3.0357866203131083
3,3.0314281247898056
4,3.0445824531392045
5,3.042461246553074
-1,4.4707454192863425
