time/10,tput
0,3.2077222630246824
1,3.033489735995122
2,3.044852027764891
3,3.042154085983582
4,3.0428030044279084
5,3.5945416461947493
-1,3.1596923298304027
