time/10,tput
0,11.968306546018926
1,12.008289542457215
2,11.929346074238348
3,11.933357003267755
4,11.915100973919307
5,11.957283605079224
-1,11.989151390240588
