time/10,tput
0,3.0104232871988814
1,2.318706481479967
2,2.3223155916630818
3,2.305906693782594
4,2.3145598082928474
-1,2.4473347880700613
