time/10,tput
0,5.9929584270191105
1,5.990912156439936
2,6.008727963411872
3,5.992992108084366
4,5.985336702516863
5,5.997584695742231
-1,6.015715555694509
