time/10,tput
0,3.13307770920569
1,3.0379049148184736
2,3.046224025720118
3,3.037668432900601
4,3.040913404401177
5,3.6516554639903824
-1,3.1573629684254643
