time/10,tput
0,2.3186312830149696
1,2.316273606417943
2,2.322340504830211
3,2.317927975636441
4,2.299442888769253
-1,2.47325255487918
