time/10,tput
0,2.7993750918153606
1,2.319005721416731
2,2.3213385599944214
3,2.3204762274579607
4,2.294158415208201
5,2.4431400655646063
-1,2.41467902926912
