time/10,tput
0,3.803964299938726
1,2.312395134729246
2,2.320957320892278
3,2.3067361869959795
4,2.311764832731975
-1,2.5648550200948703
