time/10,tput
0,3.4966609058556024
1,2.31244565235744
2,2.321006768397648
3,2.306918408782595
4,2.3106469707563067
-1,2.509853121970003
