time/10,tput
0,2.3117941390152095
1,2.316314806282599
2,2.322355077941346
3,2.3168047332892927
4,2.2982402257182795
-1,2.491212598921428
