time/10,tput
0,3.0371125047700356
1,3.035950077331565
2,3.0470038467351963
3,3.0378398289378143
4,3.038656265958105
5,4.7748013720866975
-1,3.3250472494480388
