time/10,tput
0,5.988971752326704
1,5.993887649475495
2,6.0009866053963075
3,5.994441751619286
4,5.982359736264664
5,6.012580915527074
-1,6.016189714855094
