time/10,tput
0,3.235011372974671
1,3.037735214729539
2,3.043992207941005
3,3.03610908558688
4,3.042398172138249
5,3.579716071121051
-1,3.1615094977973865
