time/10,tput
0,7.851526192516902
1,3.026398756662813
2,3.0360698813804037
3,3.05873724151181
4,3.02662883720783
-1,3.862944289041044
