time/10,tput
0,3.6447657279601695
1,3.0350614832362437
2,3.043129739771514
3,3.037736563170781
4,3.0410730041314658
5,3.522292636738929
-1,3.2204206213396307
