time/10,tput
0,3.436985303159044
1,2.315158036560958
2,2.319950527165337
3,2.3064264178862666
4,2.3093488262486868
-1,2.5034848251730604
