time/10,tput
0,5.987200111227663
1,5.993750460412854
2,6.0110116597665435
3,5.990252335015072
4,5.985226950519574
5,6.009489802559747
-1,6.027149406996954
