time/10,tput
0,2.7498610909417525
1,2.317156019599745
2,2.320274529323082
3,2.3171912234318417
4,2.298432039357611
-1,2.406641787135921
