time/10,tput
0,3.4950834889190268
1,3.039152376965019
2,3.0420975011729268
3,3.034800793518124
4,3.042795527652999
5,3.5203651902001596
-1,3.1949384698700443
