time/10,tput
0,2.4480443457764585
1,2.316447369995547
2,2.3236019701819104
3,2.3235076291696144
4,2.2974627310951456
-1,2.3746447291057575
