time/10,tput
0,8.432489317455735
1,3.031380843175425
2,3.0345715935823745
3,3.061723348343593
4,3.0270955164103626
-1,3.9599963041340036
