time/10,tput
0,3.7747246771779994
1,2.313271830414645
2,2.3199080750968326
3,2.3127524177132472
4,2.310487546257873
-1,2.557100563244813
