time/10,tput
0,2.3041869409479525
1,2.318187561854789
2,2.3252274575932455
3,2.3241439223675457
4,2.2973864604244434
-1,2.5222175778196516
