time/10,tput
0,3.1092010093792806
1,3.0376742522418088
2,3.0445443130044443
3,3.041690721910912
4,3.0421226971682636
5,3.6668350329968313
-1,3.1560567353029225
