time/10,tput
0,8.110309074118934
1,3.0267006300618413
2,3.035828298054452
3,3.054175613103971
4,3.0266956981572304
5,3.1162440464846908
-1,3.887267536630057
