time/10,tput
0,12.168722499216246
1,12.035643815595089
2,12.00899990937243
3,11.940992314504193
4,11.939232175710899
5,11.975794601741727
-1,12.013264953775073
