time/10,tput
0,12.016079469322488
1,12.028416037266014
2,12.044541691075628
3,11.909574153554082
4,11.941037641957397
5,11.982017135699389
-1,12.015241052282905
