time/10,tput
0,3.2857882332620436
1,3.0380129479216236
2,3.0428888831630476
3,3.029220255859163
4,3.0412785739216366
5,3.554062956048915
-1,3.1695584765316585
