time/10,tput
0,2.3760313540895908
1,2.311960487486608
2,2.3229172466942956
3,2.3162548457750605
4,2.297816465595502
-1,2.4091005745286744
