time/10,tput
0,6.422171646663173
1,5.986938600144239
2,6.005554255036652
3,5.991758144036245
4,5.97659649519538
5,6.00668276430685
-1,6.071761226244754
