time/10,tput
0,3.0434166524529602
1,3.0373098767553217
2,3.048310320040476
3,3.034893588257059
4,3.0421952981327864
5,4.556918404516777
-1,3.2917646065318102
