time/10,tput
0,3.227103673024705
1,3.0347614814278163
2,3.0449766713670297
3,3.042729520005794
4,3.039427172128032
5,3.58340526884532
-1,3.1610451102317993
