time/10,tput
0,2.5141099855615834
1,2.3163870295041806
2,2.3221678381011572
3,2.32225108779575
4,2.3021631803811804
-1,2.3897684407120368
