time/10,tput
0,11.929739665718449
1,12.000406988406151
2,11.980479859992219
3,11.913722101517449
4,11.908024981854046
5,11.946208929575928
-1,11.982989686601817
