time/10,tput
0,2.788488446165514
1,2.3187052530567622
2,2.3201442544981687
3,2.318363908663967
4,2.3036919493957746
-1,2.408974163243507
