time/10,tput
0,2.788993151427619
1,2.3183303243545614
2,2.3214101332253456
3,2.3124902754422054
4,2.3165400190241865
-1,2.416943728230547
