time/10,tput
0,6.047833359536017
1,5.994262988587597
2,6.008559617094284
3,5.998451727905123
4,5.983242144877259
5,6.012702998385435
-1,6.026718204069188
