time/10,tput
0,6.026844525870488
1,5.987531021009419
2,6.003452895537321
3,5.991606787281353
4,5.989032753974568
5,6.01301769546414
-1,6.016209960037301
