time/10,tput
0,3.0879070158359005
1,3.0361998333846905
2,3.0448017596345696
3,3.0426277015275334
4,3.0391983384657313
5,3.6703685165762088
-1,3.162439633687362
