time/10,tput
0,11.545895381763764
1,3.0442810652015293
2,3.035927606264241
3,3.0404735250291823
4,3.0509225500929893
5,3.0400328488853776
-1,4.473100449988561
