time/10,tput
0,16.375267875924013
1,16.47794810045179
2,16.399759143552007
3,16.369503179836855
4,16.42160874969764
5,16.652960582780707
-1,16.440883389636177
