time/10,tput
0,12.213883510996343
1,12.035014769791422
2,12.031994895792455
3,11.955357927135655
4,11.934705332928962
5,11.991926193147462
-1,12.026743113242997
