time/10,tput
0,3.540331090657785
1,2.318662899957118
2,2.320952290636426
3,2.3098165180938346
4,2.307368139237062
-1,2.528348098870749
