time/10,tput
0,2.336092559890929
1,2.3155221926196057
2,2.3231157588726337
3,2.3229999604461398
4,2.2983245474966942
-1,2.4405983570111043
