time/10,tput
0,6.256917072886586
1,5.99670219581488
2,6.013922827458192
3,6.000938468487541
4,5.979313985462795
5,6.010130698664815
-1,6.048153534885542
