time/10,tput
0,5.998304035960139
1,5.990356139946133
2,6.004288781992673
3,5.997479353760526
4,5.9854044632174155
5,5.994423046681223
-1,6.01599667530412
