time/10,tput
0,7.897803168443728
1,3.026953305993384
2,3.03582999921106
3,3.053825916589861
4,3.024269319884117
5,3.123659758666086
-1,3.854406630090753
