time/10,tput
0,2.7169069555730507
1,2.3196211099256323
2,2.3213761929380956
3,2.3229666169289014
4,2.2975019079563057
-1,2.4007841437075648
