time/10,tput
0,3.14552383584353
1,3.036227271482219
2,3.046277766593184
3,3.0397415282469695
4,3.0410358764957506
5,3.598252992059462
-1,3.1566107549542495
