time/10,tput
0,2.315740698629145
1,2.3162253729924585
2,2.322544866551371
3,2.324846175097357
4,2.3016489542370757
-1,2.489367575681431
