time/10,tput
0,2.6726621895342264
1,2.3184972410302533
2,2.32122898709159
3,2.3227792248715406
4,2.295408694447977
-1,2.3922206156934336
