time/10,tput
0,6.016939544763139
1,5.990126433587407
2,6.0097805886980185
3,5.995027375164462
4,5.981297891300856
5,6.010100768315092
-1,6.016013956659166
