time/10,tput
0,2.3271461307676904
1,2.315981358640035
2,2.323051210547904
3,2.322948659000295
4,2.302318772608317
-1,2.4421657639894416
