time/10,tput
0,5.951974425109892
1,5.9935163541427485
2,5.999938345588995
3,5.99534115423584
4,5.982263635655172
5,6.024222525715593
-1,6.045022664760603
