time/10,tput
0,3.1258657848076297
1,3.0379093864699116
2,3.0446675055165877
3,3.036635001904211
4,3.0454224912370873
5,3.658903650030477
-1,3.1575029707124584
