time/10,tput
0,5.966610598406672
1,5.987636298729799
2,6.0026821645768695
3,5.994955968948741
4,5.982512332807449
5,6.0132029681072146
-1,6.029375543965694
