time/10,tput
0,2.883045498051337
1,2.318705573514864
2,2.3201252172021074
3,2.3047876813063364
4,2.314341418648516
-1,2.424300443717944
