time/10,tput
0,6.610017765672592
1,5.999714340459397
2,6.011265871898367
3,6.000339495997132
4,5.976734887323771
5,5.989065678277498
-1,6.102814597609768
