time/10,tput
0,3.530620176771679
1,2.3149708374048865
2,2.3186910995789476
3,2.3078822258352742
4,2.312889569319874
-1,2.5194946314914057
