time/10,tput
0,3.4530293614416854
1,3.038656550012546
2,3.04239197874191
3,3.0379582915806145
4,3.042781998344182
5,3.5326959855625346
-1,3.1909385302910978
