time/10,tput
0,16.43505137834398
1,16.582017287294153
2,16.548293683994718
3,16.44125636389985
4,16.431178175935933
5,16.50902157412375
-1,16.478383689530364
