time/10,tput
0,2.7698429288451822
1,2.3195792044113053
2,2.31995122223732
3,2.3173659782861677
4,2.2987061535150484
-1,2.4093461402428256
