time/10,tput
0,5.958570761719076
1,5.985143678343391
2,5.996754352556291
3,5.994661222093342
4,5.998231518087483
5,6.022562552405601
-1,6.043907003526956
