time/10,tput
0,3.092167371981887
1,3.034640718223268
2,3.043238073580385
3,3.039563238280638
4,3.040893064462663
5,3.6497197481885775
-1,3.1578441982367407
