time/10,tput
0,2.4750076569794075
1,2.317540386009099
2,2.322311894916082
3,2.319985922898832
4,2.3043927622551634
-1,2.385610132494488
