time/10,tput
0,7.248237441602751
1,5.993164800848642
2,6.01300653142092
3,5.989213058165552
4,5.965385635034747
5,6.00414167840574
-1,6.201355104518798
