time/10,tput
0,3.038300884439603
1,3.0349548642297273
2,3.0455640882873647
3,3.0381234733113067
4,3.0405320402767986
5,4.685862100669966
-1,3.3100541771371663
