time/10,tput
0,2.344946393662283
1,2.3154276011508674
2,2.324079263237895
3,2.3209607457598027
4,2.3016218517503164
-1,2.4257454258107707
