time/10,tput
0,6.007219109946771
1,5.9844179562330195
2,5.997761083953584
3,5.99015494986846
4,5.986346581300251
5,5.991461286582816
-1,6.013968322551547
