time/10,tput
0,10.68874559492456
1,3.04412298157743
2,3.0339869222786615
3,3.041591392069216
4,3.044477374031568
5,3.0495873725170832
-1,4.327774003754609
