time/10,tput
0,2.351202243439704
1,2.3153618816738852
2,2.3252738107368094
3,2.3173007888693644
4,2.294624763324953
-1,2.4235155482475634
