time/10,tput
0,16.374637158450223
1,16.486112027257466
2,16.722696426215588
3,16.55348350462186
4,16.5137159851651
5,16.497309646654532
-1,16.511680655590347
