time/10,tput
0,3.1346627872981556
1,3.0361111415316153
2,3.045698350144941
3,3.0399174937337547
4,3.0424080673870257
5,3.647912301121235
-1,3.1573391515381397
