time/10,tput
0,2.6207165123813274
1,2.318134711088374
2,2.322039814504943
3,2.3188341377692057
4,2.2999141296022665
-1,2.391678033614833
