time/10,tput
0,3.133880145758014
1,3.03773074359083
2,3.0461074152606105
3,3.038315651886148
4,3.0418491934773355
5,3.6504768718740626
-1,3.1575551052782997
