time/10,tput
0,3.297059980861087
1,3.0352177060068253
2,3.039535953020793
3,3.0431978303380673
4,3.0395800786464204
5,3.5471281113348776
-1,3.1710161921418374
