time/10,tput
0,8.192288400396718
1,3.028262385853911
2,3.037365857879316
3,3.0541165715402445
4,3.0297792285372056
5,3.116438976087346
-1,3.895055996277831
