time/10,tput
0,3.0877253775940297
1,3.0332765139691746
2,3.0427619894290556
3,3.0415830674415973
4,3.0391195583206456
5,3.663196884745056
-1,3.1618861721610476
