time/10,tput
0,4.777310331838737
1,2.312440499564519
2,2.3175208045129994
3,2.308445137673857
4,2.312435346794562
-1,2.7192348126593187
