time/10,tput
0,5.954178436519665
1,5.990064839346913
2,5.994507576795191
3,5.9987897453588195
4,5.996784855241725
5,6.015721320607107
-1,6.031654449552244
