time/10,tput
0,5.968837639602545
1,5.9999244699449505
2,5.999668327281432
3,5.992615215715059
4,5.9916237628231785
5,6.010262565170531
-1,6.029818269194836
