time/10,tput
0,2.32094517339678
1,2.3148181083031734
2,2.3248074631220264
3,2.3250925981809574
4,2.2992605513196764
-1,2.4726101752886223
