time/10,tput
0,2.510872290124213
1,2.316499024379905
2,2.322187230353892
3,2.3200700321991943
4,2.302192349031121
-1,2.387037905203258
