time/10,tput
0,2.3155003016768543
1,2.31634875863097
2,2.322641701770111
3,2.3292684001955632
4,2.2972140220246713
-1,2.491084011498961
