time/10,tput
0,6.513764720258007
1,5.997493789824146
2,6.014125120154961
3,5.994291115929677
4,5.970014735359561
5,5.982332574042937
-1,6.0853274101835275
