time/10,tput
0,3.209487235768425
1,3.034780676933861
2,3.043255453291987
3,3.042196081103252
4,3.037965531658239
5,3.594402428202502
-1,3.1590732183665264
