time/10,tput
0,3.0749311570085145
1,3.034549426203566
2,3.042972060555749
3,3.035672012424775
4,3.039134333726495
5,3.6854887150567657
-1,3.162401174410515
