time/10,tput
0,6.1794557564615245
1,5.999372214206502
2,6.01388352968697
3,6.000824181610412
4,5.982390454048211
5,6.012291695022187
-1,6.043263798779484
