time/10,tput
0,2.308488177113816
1,2.3162660381674827
2,2.3246250348561097
3,2.3214930073712714
4,2.2969881734469677
-1,2.5059778584102474
