time/10,tput
0,3.025885956519103
1,3.0363440484670137
2,3.0454928957820284
3,3.0351433122056166
4,3.0417382545312974
-1,3.343289686442783
