time/10,tput
0,2.3075938901609354
1,2.316463788270452
2,2.323414368354
3,2.32234254076857
4,2.2963007272758174
-1,2.5058408332039077
