time/10,tput
0,3.033450245552054
1,3.0357685461381707
2,3.0470449761710108
3,3.039601964295132
4,3.0373390377677394
-1,3.343862146520849
