time/10,tput
0,2.430911647738884
1,2.315913742882957
2,2.3237216371428717
3,2.3267850862721056
4,2.2969761957967063
-1,2.3766598801576992
