time/10,tput
0,6.304061216655093
1,5.997281115045486
2,6.007327857487924
3,6.000776328792271
4,5.985413574016854
5,5.997640298361693
-1,6.056799157256652
