time/10,tput
0,3.1975182531067934
1,3.037825491964892
2,3.041618571939906
3,3.0406315853623145
4,3.0399830240520807
5,3.5666707972144645
-1,3.158404354063771
