time/10,tput
0,2.976431209199764
1,2.3186173440626567
2,2.320237734294042
3,2.3113457067791874
4,2.3030999474440925
-1,2.440626636335814
