time/10,tput
0,11.967886501450723
1,12.008614311782482
2,12.014089161538081
3,11.928660461454115
4,11.960649918487025
5,11.992057910331889
-1,12.011664879569576
