time/10,tput
0,3.472185538027113
1,2.318697241633004
2,2.3186395076095114
3,2.3079893780938074
4,2.3093799256393
-1,2.514866539220894
