time/10,tput
0,3.0355790992085034
1,3.035663011429617
2,3.047041120239235
3,3.03636716385928
4,3.041460906993466
5,4.780193835119484
-1,3.32558313307397
