time/10,tput
0,3.4279866051306835
1,3.0368634497066194
2,3.0420485338786074
3,3.0419269765377965
4,3.0471690138491616
5,3.541793566616178
-1,3.1895272755225816
