time/10,tput
0,3.510352399106304
1,3.038379551145807
2,3.044069387970872
3,3.0332729758545045
4,3.0440286238847927
5,3.541764572761633
-1,3.2020539297801687
