time/10,tput
0,3.2709587367558957
1,2.318799738624127
2,2.322183319735418
3,2.3108012717668127
4,2.315142808194675
-1,2.4855467093164374
