time/10,tput
0,3.192577680711709
1,3.037793482677066
2,3.043204383147458
3,3.037983135128184
4,3.0412001838238045
5,3.5633100813665446
-1,3.1571323882754956
