time/10,tput
0,6.04539547114239
1,5.99686524223242
2,6.005732865123215
3,5.9868045774467795
4,5.98583084988356
5,6.009658765643161
-1,6.024936531053772
