time/10,tput
0,3.0948278652657586
1,3.034874320485679
2,3.044696594092381
3,3.034815314457709
4,3.0409892904192017
5,3.634463348007793
-1,3.147389477398342
