time/10,tput
0,2.31126254724662
1,2.3163926263256145
2,2.322192694527791
3,2.3168494714437284
4,2.2975120854042297
-1,2.491164238369689
