time/10,tput
0,3.1647885074591073
1,3.0377433053949456
2,3.046251502556434
3,3.036447219578978
4,3.040814978694743
5,3.5870150742585682
-1,3.157067819555897
