time/10,tput
0,2.6997382548047555
1,2.318286863751446
2,2.3217048772887914
3,2.3193143367294993
4,2.3050981716173435
-1,2.4035050978792936
