time/10,tput
0,2.528457729620007
1,2.3165882122429773
2,2.321903717869841
3,2.321052097128492
4,2.2989366133395337
-1,2.3905977044860998
