time/10,tput
0,3.5144843149015426
1,2.3188262322852924
2,2.3197298361390137
3,2.3068071797606917
4,2.318600895246388
-1,2.5269436580565676
