time/10,tput
0,16.35899821074237
1,16.45562834266019
2,16.592676648375637
3,16.557288135012815
4,16.408759590673075
5,16.517964360238253
-1,16.469959386211027
