time/10,tput
0,16.453837268339353
1,16.426201025931203
2,16.5569168457636
3,16.37699733574287
4,16.429385399258948
5,16.471373147560012
-1,16.439118244047087
