time/10,tput
0,3.4612975102863515
1,2.313785732665822
2,2.3197734043207765
3,2.308945298872012
4,2.3174477102980404
-1,2.5074000061890995
