time/10,tput
0,16.42209467202743
1,16.42557841194461
2,16.540648850156106
3,16.42988387360953
4,16.426914926350324
5,16.463340125615307
-1,16.436432416568202
