time/10,tput
0,2.3592998522942903
1,2.3153117690854588
2,2.3240220657123083
3,2.322277338937253
4,2.299159886254865
-1,2.4234817798465
