time/10,tput
0,6.046416829994316
1,5.997804968207789
2,6.009470323717329
3,6.000295591063694
4,5.998041696953819
5,6.010149193511067
-1,6.027616073708761
