time/10,tput
0,2.319022763644627
1,2.3173748874356925
2,2.323392167054967
3,2.3215991784400285
4,2.299308612818125
-1,2.4724788012647676
