time/10,tput
0,3.0755214594760334
1,3.033280193617187
2,3.044441018634429
3,3.03514168266793
4,3.0393374390813204
5,3.690977033634979
-1,3.163509282506217
