time/10,tput
0,3.1791030433617147
1,3.0378193171717127
2,3.04467877014421
3,3.035009129180027
4,3.0440115916617256
5,3.5707149382952705
-1,3.1562498453799517
