time/10,tput
0,11.940805059110506
1,12.010407820765263
2,12.027262131226799
3,11.929348053440876
4,11.92376027217976
5,11.963654405229626
-1,11.99922114878163
