time/10,tput
0,3.1485291085997726
1,3.0378384804048926
2,3.0447972676696686
3,3.040946332920408
4,3.039665988732866
5,3.5981631310233717
-1,3.157094833683602
