time/10,tput
0,2.329514198336065
1,2.3143794635873536
2,2.323998511452198
3,2.318681325768712
4,2.297039859260728
-1,2.440036023360719
