time/10,tput
0,5.981805021694594
1,5.984774034793264
2,6.010385965835459
3,5.988470673671492
4,5.9845488834716996
5,6.012161858618152
-1,6.015403503025184
