time/10,tput
0,11.976653500393732
1,11.9838894941088
2,12.000929124113242
3,11.941956163612872
4,11.916718573211336
5,11.967339577038183
-1,11.994573546675277
