time/10,tput
0,10.758077967639789
1,3.043958714593637
2,3.034147565831591
3,3.044757054479086
4,3.045906900402123
5,3.0480522797761687
-1,4.3429415500686
