time/10,tput
0,3.1386268567366336
1,3.0375074163152185
2,3.0435234393821093
3,3.039281030044636
4,3.040810356256796
5,3.6370793588594155
-1,3.155928721995737
