time/10,tput
0,2.3139757189462546
1,2.3163023342413314
2,2.322397512453639
3,2.3191281745886476
4,2.302619275192766
-1,2.491209036063089
