time/10,tput
0,2.426625752656517
1,2.315418866742853
2,2.32404240109539
3,2.32224744482709
4,2.296476035342533
-1,2.408176788496136
