time/10,tput
0,5.963283536826732
1,5.9935112154297485
2,5.997985515071134
3,6.000511181712997
4,5.98790157511275
5,6.013457930974087
-1,6.0327278200400105
