time/10,tput
0,16.412767805160765
1,16.443744436907856
2,16.53020494829848
3,16.375654594471623
4,16.37963979481834
5,16.485923912354725
-1,16.424541941007455
