time/10,tput
0,12.036710546718782
1,12.009977795856914
2,12.00179301795215
3,11.934291039303055
4,11.961158425810046
5,12.010195504552737
-1,12.014937529375423
