time/10,tput
0,2.3403938638119044
1,2.316665730763743
2,2.3229594873299817
3,2.316133601789876
4,2.2978545051067116
-1,2.4253131688692724
