time/10,tput
0,3.1208737999302336
1,3.0363350434861456
2,3.0416337985719015
3,3.0362231592809716
4,3.03923783663108
5,3.672253556198092
-1,3.156630228005571
