time/10,tput
0,11.96166782920543
1,11.996029927934893
2,11.9959098456692
3,11.9600073112151
4,11.988696170629028
5,11.899411020900573
-1,12.00492879097216
