time/10,tput
0,12.317080108527081
1,12.03716875393853
2,11.988534258288455
3,11.944835604763387
4,11.95860524033491
5,11.983129125642817
-1,12.037913263620604
