time/10,tput
0,3.122780879025348
1,3.0363112904464216
2,3.0431672746755702
3,3.0411859573790485
4,3.0423502629591184
5,3.6645231027116565
-1,3.157514129064381
