time/10,tput
0,2.389837034404787
1,2.3155946327534482
2,2.3250679481515277
3,2.318836327811446
4,2.296537429559043
-1,2.409376409906075
