time/10,tput
0,16.451020773170697
1,16.454384564884506
2,16.39529597778805
3,16.4297309737226
4,16.454792224711838
5,16.4690326881167
-1,16.430541661875274
