time/10,tput
0,3.1201062964889936
1,3.0378401128396346
2,3.0416059069135435
3,3.0363623422146655
4,3.0407994758044845
5,3.6664925749562625
-1,3.15623292438466
