time/10,tput
0,2.3991667932706475
1,2.3147439070144515
2,2.3235467805642807
3,2.3267422223687144
4,2.296527971464955
-1,2.407413310686192
