time/10,tput
0,11.426339204549482
1,3.047553330544465
2,3.034271971843295
3,3.035052415015985
4,3.0478096431639115
5,3.042065472967777
-1,4.454098565997269
