time/10,tput
0,2.3416012147827474
1,2.3154160973101683
2,2.323003981031376
3,2.319608121192307
4,2.3014615654328043
-1,2.4257409990616443
