time/10,tput
0,16.39240743400525
1,16.432229605345213
2,16.559494952555596
3,16.372589026117254
4,16.454231599853987
5,16.367543570189007
-1,16.41542039658182
