time/10,tput
0,2.3540956555658763
1,2.315256546566838
2,2.324209390048004
3,2.3151073471111516
4,2.2954813381032824
-1,2.4229438358343067
