time/10,tput
0,2.3210825491827536
1,2.317091482018983
2,2.3242656844699066
3,2.317091962037305
4,2.2957984569179293
-1,2.442086699302313
