time/10,tput
0,11.988024277276565
1,12.05704650735216
2,12.002586354586187
3,11.92819259364308
4,11.916913256377802
5,11.98003871475174
-1,12.009392297040966
