time/10,tput
0,11.939342629411192
1,12.004955635002887
2,11.994771470861393
3,11.952719222268938
4,11.921209472619692
5,11.962689325107513
-1,11.996968222546323
