time/10,tput
0,4.799181135115812
1,2.313570307251199
2,2.316777166061638
3,2.30825245924254
4,2.3182010685483845
-1,2.729553124936408
