time/10,tput
0,5.970781024475604
1,5.990500160987189
2,5.999695480669084
3,5.98336505415523
4,5.987900577789097
5,6.010456281066391
-1,6.027026979853189
