time/10,tput
0,3.036479342325516
1,3.0357333907123665
2,3.043974534763734
3,3.0399262356844976
4,3.0402502919166685
5,4.774095862280618
-1,3.3249346868780503
