time/10,tput
0,2.7909492363386375
1,2.3187340946406887
2,2.321365593493397
3,2.3182350762170247
4,2.2986605271829395
-1,2.4091644252709647
