time/10,tput
0,3.042141060614246
1,3.0341817640770414
2,3.0468916033000046
3,3.0437182967527527
4,3.0365188407622745
5,4.49980345630808
-1,3.2899377952450566
