time/10,tput
0,3.105234576657421
1,3.034584200095614
2,3.0431330160260663
3,3.0352352776465663
4,3.0392130435979783
5,3.6816576502507448
-1,3.155071224397315
