time/10,tput
0,7.973707453360171
1,3.0300649002209266
2,3.035425035975563
3,3.055768516001881
4,3.0283922346167516
5,3.124215263891139
-1,3.870901287481449
