time/10,tput
0,16.336941794042474
1,16.503291582623874
2,16.625668748496636
3,16.55321273986046
4,16.42531799629964
5,16.518056058969165
-1,16.47975697631045
