time/10,tput
0,2.3891547980636947
1,2.3156267528807977
2,2.322769362969171
3,2.3199017127670385
4,2.2989008936972306
-1,2.4096591455152834
