time/10,tput
0,12.002919047884834
1,12.027479896938893
2,12.033934927980386
3,11.93949670157592
4,11.941994414803185
5,11.998003624265342
-1,12.015354924284843
