time/10,tput
0,5.05531634068983
1,2.3138065807000507
2,2.318983604290684
3,2.311575156225996
4,2.313468803724595
-1,2.775392436775078
