time/10,tput
0,2.5866942911147524
1,2.317941959675854
2,2.323239558013646
3,2.3201208857261255
4,2.296077845349651
-1,2.3910159971406597
