time/10,tput
0,7.591826357553346
1,3.0266592025626435
2,3.0377257756743683
3,3.047915381107848
4,3.0254192277849867
-1,3.817199815760012
