time/10,tput
0,7.289736711209527
1,6.008074104401373
2,6.005038643218842
3,5.994402200093907
4,5.968475810997165
5,5.994866856377603
-1,6.207710545117826
