time/10,tput
0,2.337801105995
1,2.3155633657573667
2,2.324220981431477
3,2.324194364352616
4,2.29824504393894
-1,2.439204923181558
