time/10,tput
0,3.0792657975118
1,3.0377106591142224
2,3.044636064813401
3,3.0366208181382706
4,3.0422507476739162
5,3.668570310633601
-1,3.1622881863921974
