time/10,tput
0,2.389996872877199
1,2.3155970297471096
2,2.32391508277701
3,2.320014849821409
4,2.3007989243237246
-1,2.4098129990373103
