time/10,tput
0,3.2036927774789237
1,2.3176352035464505
2,2.318909509650319
3,2.30596221071814
4,2.317975639486226
-1,2.478249765235849
