time/10,tput
0,16.459368242093216
1,16.39710432644496
2,16.56682293750147
3,16.40942606382285
4,16.46820539625697
5,16.488168611271536
-1,16.450389685261598
