time/10,tput
0,6.261879354699368
1,6.180993422825125
2,6.173984004664792
3,6.165244593070669
4,6.165674207516324
5,6.192877230870856
-1,6.1799347095908965
