time/10,tput
0,3.0783726600355314
1,3.037798237894458
2,3.0447137052789595
3,3.039904132150098
4,3.042193305118876
5,3.668607861884365
-1,3.1627319201651956
