time/10,tput
0,3.0992066340058013
1,3.0346122464221366
2,3.043385095108546
3,3.039403299636319
4,3.0407242392519707
5,3.63522249946358
-1,3.156376506329723
