time/10,tput
0,2.350656821973069
1,2.3154079488255013
2,2.324204077369218
3,2.3205424515693682
4,2.306117154613105
-1,2.4260538213557803
