time/10,tput
0,4.975488774905653
1,2.3137058541346094
2,2.3191814981177714
3,2.3141399875515023
4,2.320664906590878
-1,2.7519615573105436
