time/10,tput
0,2.621964210761304
1,2.3179585592699015
2,2.320899474266388
3,2.3189747896116466
4,2.2975183232394607
-1,2.3916478159105345
