time/10,tput
0,3.5433371567456122
1,3.0338383297482157
2,3.042658317556287
3,3.0395506614203187
4,3.039553858917313
5,3.52754078347482
-1,3.204186015673136
