time/10,tput
0,3.17988139187532
1,3.0378209495858597
2,3.046293182651768
3,3.0291024736878986
4,3.044144433802524
5,3.5775988091836104
-1,3.1567052298088467
