time/10,tput
0,6.0138343375173315
1,5.993672946372662
2,6.00590246290726
3,5.995695676981697
4,5.981868436813892
5,5.9947947399703265
-1,6.016047273510946
