time/10,tput
0,6.1327622213306165
1,5.999517670307534
2,6.006538363650224
3,6.008107118471203
4,5.985686910898005
5,6.012998617693871
-1,6.038265796003139
