time/10,tput
0,6.613179846049118
1,5.994243285327523
2,6.014360085149422
3,6.0009132743314675
4,5.972561245643009
5,5.99836422705581
-1,6.103881424637667
