time/10,tput
0,2.8939160411673055
1,2.319901231583852
2,2.32345121057631
3,2.31029012585046
4,2.307152162131425
-1,2.424974059906158
