time/10,tput
0,6.23948244823813
1,6.003286534990964
2,6.007364812801597
3,6.003522344284939
4,5.99189281660694
5,6.010371987702457
-1,6.047937989512518
