time/10,tput
0,3.3420879805177583
1,3.0377997283387943
2,3.04325167817382
3,3.039003988348127
4,3.0430789587280236
5,3.550579749138203
-1,3.1755474049986026
